<?xml version="1.0" encoding="UTF-8" ?>
<localizationPack name="Azerbaijan" version="1.0">
	<currencies>
		<currency name="Manat" iso_code="AZN" iso_code_num="944" sign="ман" blank="1" conversion_rate="1.09237" format="2" decimals="1" />
	</currencies>
	<languages>
		<language iso_code="az" />
	</languages>
	<taxes>
		<tax id="1" name="ƏDV AZ 18%" rate="18" />
		<tax id="2" name="ƏDV AZ 10.5%" rate="10.5" />
		
		<taxRulesGroup name="AZ Standard Rate (18%)">
			<taxRule iso_code_country="az" id_tax="1" />
		</taxRulesGroup>
		
		<taxRulesGroup name="AZ Reduced Rate (10.5%)">
			<taxRule iso_code_country="az" id_tax="2" />
		</taxRulesGroup>
	</taxes>
	<units>
		<unit type="weight" value="kg" />
		<unit type="volume" value="L" />
		<unit type="short_distance" value="cm" />
		<unit type="base_distance" value="m" />
		<unit type="long_distance" value="km" />
	</units>
</localizationPack>
