<?xml version="1.0" encoding="UTF-8" ?>
<localizationPack name="Greece" version="1.0">
	<currencies>
		<currency name="Euro" iso_code="EUR" iso_code_num="978" sign="€" blank="1" conversion_rate="1.00" format="2" decimals="1" />
	</currencies>
	<languages>
		<language iso_code="el" />
	</languages>
	<taxes>
		<tax id="1" name="ΦΠΑ GR 23%" rate="23" />
		<tax id="2" name="ΦΠΑ GR 11%" rate="11" />
		<tax id="3" name="ΦΠΑ GR 5.5%" rate="5.5" />
		<tax id="4" name="ΦΠΑ GR 16%" rate="16" />
		<tax id="5" name="ΦΠΑ GR 8%" rate="8" />
		<tax id="6" name="ΦΠΑ GR 4%" rate="4" />
		
		<taxRulesGroup name="GR Standard Rate (23%)">
			<taxRule iso_code_country="be" id_tax="1" />
			<taxRule iso_code_country="bg" id_tax="1" />
			<taxRule iso_code_country="cz" id_tax="1" />
			<taxRule iso_code_country="dk" id_tax="1" />
			<taxRule iso_code_country="de" id_tax="1" />
			<taxRule iso_code_country="ee" id_tax="1" />
			<taxRule iso_code_country="gr" id_tax="1" />
			<taxRule iso_code_country="es" id_tax="1" />
			<taxRule iso_code_country="fr" id_tax="1" />
			<taxRule iso_code_country="ie" id_tax="1" />
			<taxRule iso_code_country="it" id_tax="1" />
			<taxRule iso_code_country="cy" id_tax="1" />
			<taxRule iso_code_country="lv" id_tax="1" />
			<taxRule iso_code_country="lt" id_tax="1" />
			<taxRule iso_code_country="lu" id_tax="1" />
			<taxRule iso_code_country="hu" id_tax="1" />
			<taxRule iso_code_country="mt" id_tax="1" />
			<taxRule iso_code_country="nl" id_tax="1" />
			<taxRule iso_code_country="at" id_tax="1" />
			<taxRule iso_code_country="pl" id_tax="1" />
			<taxRule iso_code_country="pt" id_tax="1" />
			<taxRule iso_code_country="ro" id_tax="1" />
			<taxRule iso_code_country="si" id_tax="1" />
			<taxRule iso_code_country="sk" id_tax="1" />
			<taxRule iso_code_country="fi" id_tax="1" />
			<taxRule iso_code_country="se" id_tax="1" />
			<taxRule iso_code_country="uk" id_tax="1" />
		</taxRulesGroup>

		<taxRulesGroup name="GR Reduced Rate (11%)">
			<taxRule iso_code_country="be" id_tax="2" />
			<taxRule iso_code_country="bg" id_tax="2" />
			<taxRule iso_code_country="cz" id_tax="2" />
			<taxRule iso_code_country="dk" id_tax="2" />
			<taxRule iso_code_country="de" id_tax="2" />
			<taxRule iso_code_country="ee" id_tax="2" />
			<taxRule iso_code_country="gr" id_tax="2" />
			<taxRule iso_code_country="es" id_tax="2" />
			<taxRule iso_code_country="fr" id_tax="2" />
			<taxRule iso_code_country="ie" id_tax="2" />
			<taxRule iso_code_country="it" id_tax="2" />
			<taxRule iso_code_country="cy" id_tax="2" />
			<taxRule iso_code_country="lv" id_tax="2" />
			<taxRule iso_code_country="lt" id_tax="2" />
			<taxRule iso_code_country="lu" id_tax="2" />
			<taxRule iso_code_country="hu" id_tax="2" />
			<taxRule iso_code_country="mt" id_tax="2" />
			<taxRule iso_code_country="nl" id_tax="2" />
			<taxRule iso_code_country="at" id_tax="2" />
			<taxRule iso_code_country="pl" id_tax="2" />
			<taxRule iso_code_country="pt" id_tax="2" />
			<taxRule iso_code_country="ro" id_tax="2" />
			<taxRule iso_code_country="si" id_tax="2" />
			<taxRule iso_code_country="sk" id_tax="2" />
			<taxRule iso_code_country="fi" id_tax="2" />
			<taxRule iso_code_country="se" id_tax="2" />
			<taxRule iso_code_country="uk" id_tax="2" />
		</taxRulesGroup>

		<taxRulesGroup name="GR Super Reduced Rate (5.5%)">
			<taxRule iso_code_country="be" id_tax="3" />
			<taxRule iso_code_country="bg" id_tax="3" />
			<taxRule iso_code_country="cz" id_tax="3" />
			<taxRule iso_code_country="dk" id_tax="3" />
			<taxRule iso_code_country="de" id_tax="3" />
			<taxRule iso_code_country="ee" id_tax="3" />
			<taxRule iso_code_country="gr" id_tax="3" />
			<taxRule iso_code_country="es" id_tax="3" />
			<taxRule iso_code_country="fr" id_tax="3" />
			<taxRule iso_code_country="ie" id_tax="3" />
			<taxRule iso_code_country="it" id_tax="3" />
			<taxRule iso_code_country="cy" id_tax="3" />
			<taxRule iso_code_country="lv" id_tax="3" />
			<taxRule iso_code_country="lt" id_tax="3" />
			<taxRule iso_code_country="lu" id_tax="3" />
			<taxRule iso_code_country="hu" id_tax="3" />
			<taxRule iso_code_country="mt" id_tax="3" />
			<taxRule iso_code_country="nl" id_tax="3" />
			<taxRule iso_code_country="at" id_tax="3" />
			<taxRule iso_code_country="pl" id_tax="3" />
			<taxRule iso_code_country="pt" id_tax="3" />
			<taxRule iso_code_country="ro" id_tax="3" />
			<taxRule iso_code_country="si" id_tax="3" />
			<taxRule iso_code_country="sk" id_tax="3" />
			<taxRule iso_code_country="fi" id_tax="3" />
			<taxRule iso_code_country="se" id_tax="3" />
			<taxRule iso_code_country="uk" id_tax="3" />
		</taxRulesGroup>
		
		<taxRulesGroup name="GR islands Standard Rate (16%)">
			<taxRule iso_code_country="be" id_tax="4" />
			<taxRule iso_code_country="bg" id_tax="4" />
			<taxRule iso_code_country="cz" id_tax="4" />
			<taxRule iso_code_country="dk" id_tax="4" />
			<taxRule iso_code_country="de" id_tax="4" />
			<taxRule iso_code_country="ee" id_tax="4" />
			<taxRule iso_code_country="gr" id_tax="4" />
			<taxRule iso_code_country="es" id_tax="4" />
			<taxRule iso_code_country="fr" id_tax="4" />
			<taxRule iso_code_country="ie" id_tax="4" />
			<taxRule iso_code_country="it" id_tax="4" />
			<taxRule iso_code_country="cy" id_tax="4" />
			<taxRule iso_code_country="lv" id_tax="4" />
			<taxRule iso_code_country="lt" id_tax="4" />
			<taxRule iso_code_country="lu" id_tax="4" />
			<taxRule iso_code_country="hu" id_tax="4" />
			<taxRule iso_code_country="mt" id_tax="4" />
			<taxRule iso_code_country="nl" id_tax="4" />
			<taxRule iso_code_country="at" id_tax="4" />
			<taxRule iso_code_country="pl" id_tax="4" />
			<taxRule iso_code_country="pt" id_tax="4" />
			<taxRule iso_code_country="ro" id_tax="4" />
			<taxRule iso_code_country="si" id_tax="4" />
			<taxRule iso_code_country="sk" id_tax="4" />
			<taxRule iso_code_country="fi" id_tax="4" />
			<taxRule iso_code_country="se" id_tax="4" />
			<taxRule iso_code_country="uk" id_tax="4" />
		</taxRulesGroup>

		<taxRulesGroup name="GR islands Reduced Rate (8%)">
			<taxRule iso_code_country="be" id_tax="5" />
			<taxRule iso_code_country="bg" id_tax="5" />
			<taxRule iso_code_country="cz" id_tax="5" />
			<taxRule iso_code_country="dk" id_tax="5" />
			<taxRule iso_code_country="de" id_tax="5" />
			<taxRule iso_code_country="ee" id_tax="5" />
			<taxRule iso_code_country="gr" id_tax="5" />
			<taxRule iso_code_country="es" id_tax="5" />
			<taxRule iso_code_country="fr" id_tax="5" />
			<taxRule iso_code_country="ie" id_tax="5" />
			<taxRule iso_code_country="it" id_tax="5" />
			<taxRule iso_code_country="cy" id_tax="5" />
			<taxRule iso_code_country="lv" id_tax="5" />
			<taxRule iso_code_country="lt" id_tax="5" />
			<taxRule iso_code_country="lu" id_tax="5" />
			<taxRule iso_code_country="hu" id_tax="5" />
			<taxRule iso_code_country="mt" id_tax="5" />
			<taxRule iso_code_country="nl" id_tax="5" />
			<taxRule iso_code_country="at" id_tax="5" />
			<taxRule iso_code_country="pl" id_tax="5" />
			<taxRule iso_code_country="pt" id_tax="5" />
			<taxRule iso_code_country="ro" id_tax="5" />
			<taxRule iso_code_country="si" id_tax="5" />
			<taxRule iso_code_country="sk" id_tax="5" />
			<taxRule iso_code_country="fi" id_tax="5" />
			<taxRule iso_code_country="se" id_tax="5" />
			<taxRule iso_code_country="uk" id_tax="5" />
		</taxRulesGroup>

		<taxRulesGroup name="GR islands Super Reduced Rate (4%)">
			<taxRule iso_code_country="be" id_tax="6" />
			<taxRule iso_code_country="bg" id_tax="6" />
			<taxRule iso_code_country="cz" id_tax="6" />
			<taxRule iso_code_country="dk" id_tax="6" />
			<taxRule iso_code_country="de" id_tax="6" />
			<taxRule iso_code_country="ee" id_tax="6" />
			<taxRule iso_code_country="gr" id_tax="6" />
			<taxRule iso_code_country="es" id_tax="6" />
			<taxRule iso_code_country="fr" id_tax="6" />
			<taxRule iso_code_country="ie" id_tax="6" />
			<taxRule iso_code_country="it" id_tax="6" />
			<taxRule iso_code_country="cy" id_tax="6" />
			<taxRule iso_code_country="lv" id_tax="6" />
			<taxRule iso_code_country="lt" id_tax="6" />
			<taxRule iso_code_country="lu" id_tax="6" />
			<taxRule iso_code_country="hu" id_tax="6" />
			<taxRule iso_code_country="mt" id_tax="6" />
			<taxRule iso_code_country="nl" id_tax="6" />
			<taxRule iso_code_country="at" id_tax="6" />
			<taxRule iso_code_country="pl" id_tax="6" />
			<taxRule iso_code_country="pt" id_tax="6" />
			<taxRule iso_code_country="ro" id_tax="6" />
			<taxRule iso_code_country="si" id_tax="6" />
			<taxRule iso_code_country="sk" id_tax="6" />
			<taxRule iso_code_country="fi" id_tax="6" />
			<taxRule iso_code_country="se" id_tax="6" />
			<taxRule iso_code_country="uk" id_tax="6" />
		</taxRulesGroup>
		
		<taxRulesGroup name="GR Foodstuff Rate (11%)">
			<taxRule iso_code_country="be" id_tax="2" />
			<taxRule iso_code_country="bg" id_tax="2" />
			<taxRule iso_code_country="cz" id_tax="2" />
			<taxRule iso_code_country="dk" id_tax="2" />
			<taxRule iso_code_country="de" id_tax="2" />
			<taxRule iso_code_country="ee" id_tax="2" />
			<taxRule iso_code_country="gr" id_tax="2" />
			<taxRule iso_code_country="es" id_tax="2" />
			<taxRule iso_code_country="fr" id_tax="2" />
			<taxRule iso_code_country="ie" id_tax="2" />
			<taxRule iso_code_country="it" id_tax="2" />
			<taxRule iso_code_country="cy" id_tax="2" />
			<taxRule iso_code_country="lv" id_tax="2" />
			<taxRule iso_code_country="lt" id_tax="2" />
			<taxRule iso_code_country="lu" id_tax="2" />
			<taxRule iso_code_country="hu" id_tax="2" />
			<taxRule iso_code_country="mt" id_tax="2" />
			<taxRule iso_code_country="nl" id_tax="2" />
			<taxRule iso_code_country="at" id_tax="2" />
			<taxRule iso_code_country="pl" id_tax="2" />
			<taxRule iso_code_country="pt" id_tax="2" />
			<taxRule iso_code_country="ro" id_tax="2" />
			<taxRule iso_code_country="si" id_tax="2" />
			<taxRule iso_code_country="sk" id_tax="2" />
			<taxRule iso_code_country="fi" id_tax="2" />
			<taxRule iso_code_country="se" id_tax="2" />
			<taxRule iso_code_country="uk" id_tax="2" />
		</taxRulesGroup>

		<taxRulesGroup name="GR Books Rate (5.5%)">
			<taxRule iso_code_country="be" id_tax="3" />
			<taxRule iso_code_country="bg" id_tax="3" />
			<taxRule iso_code_country="cz" id_tax="3" />
			<taxRule iso_code_country="dk" id_tax="3" />
			<taxRule iso_code_country="de" id_tax="3" />
			<taxRule iso_code_country="ee" id_tax="3" />
			<taxRule iso_code_country="gr" id_tax="3" />
			<taxRule iso_code_country="es" id_tax="3" />
			<taxRule iso_code_country="fr" id_tax="3" />
			<taxRule iso_code_country="ie" id_tax="3" />
			<taxRule iso_code_country="it" id_tax="3" />
			<taxRule iso_code_country="cy" id_tax="3" />
			<taxRule iso_code_country="lv" id_tax="3" />
			<taxRule iso_code_country="lt" id_tax="3" />
			<taxRule iso_code_country="lu" id_tax="3" />
			<taxRule iso_code_country="hu" id_tax="3" />
			<taxRule iso_code_country="mt" id_tax="3" />
			<taxRule iso_code_country="nl" id_tax="3" />
			<taxRule iso_code_country="at" id_tax="3" />
			<taxRule iso_code_country="pl" id_tax="3" />
			<taxRule iso_code_country="pt" id_tax="3" />
			<taxRule iso_code_country="ro" id_tax="3" />
			<taxRule iso_code_country="si" id_tax="3" />
			<taxRule iso_code_country="sk" id_tax="3" />
			<taxRule iso_code_country="fi" id_tax="3" />
			<taxRule iso_code_country="se" id_tax="3" />
			<taxRule iso_code_country="uk" id_tax="3" />
		</taxRulesGroup>
	</taxes>
	<units>
		<unit type="weight" value="kg" />
		<unit type="volume" value="L" />
		<unit type="short_distance" value="cm" />
		<unit type="base_distance" value="m" />
		<unit type="long_distance" value="km" />
	</units>
</localizationPack>
