<?xml version="1.0" encoding="UTF-8" ?>
<localizationPack name="El Salvador" version="1.0">
	<currencies>
		<currency name="Dollar" iso_code="USD" iso_code_num="840" sign="$" blank="0" conversion_rate="1.36550" format="1" decimals="1" />
	</currencies>
	<languages>
		<language iso_code="es" />
	</languages>
	<taxes>
		<tax id="1" name="IVA SV 13%" rate="13" />
		
		<taxRulesGroup name="SV Standard Rate (13%)">
			<taxRule iso_code_country="sv" id_tax="1" />
		</taxRulesGroup>
	</taxes>
	<units>
		<unit type="weight" value="kg" />
		<unit type="volume" value="L" />
		<unit type="short_distance" value="in" />
		<unit type="base_distance" value="ft" />
		<unit type="long_distance" value="mi" />
	</units>
</localizationPack>
