<?xml version="1.0" encoding="UTF-8"?>
<entity_access>
  <fields primary="id_profile, id_tab" sql="a.id_profile &gt; 1">
    <field name="id_profile" relation="profile"/>
    <field name="id_tab" relation="tab"/>
    <field name="view"/>
    <field name="add"/>
    <field name="edit"/>
    <field name="delete"/>
  </fields>
  <entities>
    <access id="access_3_1" id_profile="Logistician" id_tab="Home" view="0" add="0" edit="0" delete="0"/>
    <access id="access_3_2" id_profile="Logistician" id_tab="CMS_pages" view="0" add="0" edit="0" delete="0"/>
    <access id="access_3_3" id_profile="Logistician" id_tab="CMS_categories" view="0" add="0" edit="0" delete="0"/>
    <access id="access_3_4" id_profile="Logistician" id_tab="Combinations_generator" view="1" add="1" edit="1" delete="1"/>
    <access id="access_3_5" id_profile="Logistician" id_tab="Search" view="0" add="0" edit="0" delete="0"/>
    <access id="access_3_6" id_profile="Logistician" id_tab="Login" view="0" add="0" edit="0" delete="0"/>
    <access id="access_3_7" id_profile="Logistician" id_tab="Shops" view="0" add="0" edit="0" delete="0"/>
    <access id="access_3_8" id_profile="Logistician" id_tab="Shop_Urls" view="0" add="0" edit="0" delete="0"/>
    <access id="access_3_9" id_profile="Logistician" id_tab="Catalog" view="1" add="1" edit="1" delete="1"/>
    <access id="access_3_10" id_profile="Logistician" id_tab="Orders" view="1" add="1" edit="1" delete="1"/>
    <access id="access_3_11" id_profile="Logistician" id_tab="Customers" view="1" add="1" edit="1" delete="1"/>
    <access id="access_3_12" id_profile="Logistician" id_tab="Price_rules" view="0" add="0" edit="0" delete="0"/>
    <access id="access_3_13" id_profile="Logistician" id_tab="Shipping" view="1" add="1" edit="1" delete="1"/>
    <access id="access_3_14" id_profile="Logistician" id_tab="Localization" view="0" add="0" edit="0" delete="0"/>
    <access id="access_3_15" id_profile="Logistician" id_tab="Modules" view="0" add="0" edit="0" delete="0"/>
    <access id="access_3_16" id_profile="Logistician" id_tab="Preferences" view="0" add="0" edit="0" delete="0"/>
    <access id="access_3_17" id_profile="Logistician" id_tab="Advanced_parameters" view="0" add="0" edit="0" delete="0"/>
    <access id="access_3_18" id_profile="Logistician" id_tab="Administration" view="0" add="0" edit="0" delete="0"/>
    <access id="access_3_19" id_profile="Logistician" id_tab="Stats" view="0" add="0" edit="0" delete="0"/>
    <access id="access_3_20" id_profile="Logistician" id_tab="Stock" view="1" add="1" edit="1" delete="1"/>
    <access id="access_3_21" id_profile="Logistician" id_tab="Products" view="1" add="1" edit="1" delete="1"/>
    <access id="access_3_22" id_profile="Logistician" id_tab="Categories" view="1" add="1" edit="1" delete="1"/>
    <access id="access_3_23" id_profile="Logistician" id_tab="Monitoring" view="1" add="1" edit="1" delete="1"/>
    <access id="access_3_24" id_profile="Logistician" id_tab="Attributes_and_Values" view="0" add="0" edit="0" delete="0"/>
    <access id="access_3_25" id_profile="Logistician" id_tab="Features" view="0" add="0" edit="0" delete="0"/>
    <access id="access_3_26" id_profile="Logistician" id_tab="Manufacturers" view="0" add="0" edit="0" delete="0"/>
    <access id="access_3_27" id_profile="Logistician" id_tab="Suppliers" view="1" add="1" edit="1" delete="1"/>
    <access id="access_3_28" id_profile="Logistician" id_tab="Image_Mapping" view="0" add="0" edit="0" delete="0"/>
    <access id="access_3_29" id_profile="Logistician" id_tab="Tags" view="0" add="0" edit="0" delete="0"/>
    <access id="access_3_30" id_profile="Logistician" id_tab="Attachments" view="0" add="0" edit="0" delete="0"/>
    <access id="access_3_31" id_profile="Logistician" id_tab="Orders_1" view="1" add="1" edit="1" delete="1"/>
    <access id="access_3_32" id_profile="Logistician" id_tab="Invoices" view="1" add="1" edit="1" delete="1"/>
    <access id="access_3_33" id_profile="Logistician" id_tab="Merchandise_Returns" view="1" add="1" edit="1" delete="1"/>
    <access id="access_3_34" id_profile="Logistician" id_tab="Delivery_Slips" view="1" add="1" edit="1" delete="1"/>
    <access id="access_3_35" id_profile="Logistician" id_tab="Credit_Slips" view="1" add="1" edit="1" delete="1"/>
    <access id="access_3_36" id_profile="Logistician" id_tab="Statuses" view="1" add="1" edit="1" delete="1"/>
    <access id="access_3_37" id_profile="Logistician" id_tab="Order_Messages" view="0" add="0" edit="0" delete="0"/>
    <access id="access_3_38" id_profile="Logistician" id_tab="Customers_1" view="1" add="1" edit="1" delete="1"/>
    <access id="access_3_39" id_profile="Logistician" id_tab="Addresses" view="1" add="1" edit="1" delete="1"/>
    <access id="access_3_40" id_profile="Logistician" id_tab="Groups" view="0" add="0" edit="0" delete="0"/>
    <access id="access_3_41" id_profile="Logistician" id_tab="Shopping_Carts" view="0" add="0" edit="0" delete="0"/>
    <access id="access_3_42" id_profile="Logistician" id_tab="Customer_Service" view="0" add="0" edit="0" delete="0"/>
    <access id="access_3_43" id_profile="Logistician" id_tab="Contacts" view="0" add="0" edit="0" delete="0"/>
    <access id="access_3_44" id_profile="Logistician" id_tab="Genders" view="0" add="0" edit="0" delete="0"/>
    <access id="access_3_45" id_profile="Logistician" id_tab="Outstanding" view="0" add="0" edit="0" delete="0"/>
    <access id="access_3_46" id_profile="Logistician" id_tab="Cart_Rules" view="0" add="0" edit="0" delete="0"/>
    <access id="access_3_47" id_profile="Logistician" id_tab="Catalog_price_rules" view="0" add="0" edit="0" delete="0"/>
    <access id="access_3_48" id_profile="Logistician" id_tab="Shipping_1" view="1" add="1" edit="1" delete="1"/>
    <access id="access_3_49" id_profile="Logistician" id_tab="Carriers" view="1" add="1" edit="1" delete="1"/>
    <access id="access_3_50" id_profile="Logistician" id_tab="Price_Ranges" view="1" add="1" edit="1" delete="1"/>
    <access id="access_3_51" id_profile="Logistician" id_tab="Weight_Ranges" view="1" add="1" edit="1" delete="1"/>
    <access id="access_3_52" id_profile="Logistician" id_tab="Localization_1" view="0" add="0" edit="0" delete="0"/>
    <access id="access_3_53" id_profile="Logistician" id_tab="Languages" view="0" add="0" edit="0" delete="0"/>
    <access id="access_3_54" id_profile="Logistician" id_tab="Zones" view="0" add="0" edit="0" delete="0"/>
    <access id="access_3_55" id_profile="Logistician" id_tab="Countries" view="0" add="0" edit="0" delete="0"/>
    <access id="access_3_56" id_profile="Logistician" id_tab="States" view="0" add="0" edit="0" delete="0"/>
    <access id="access_3_57" id_profile="Logistician" id_tab="Currencies" view="0" add="0" edit="0" delete="0"/>
    <access id="access_3_58" id_profile="Logistician" id_tab="Tax_Rules" view="0" add="0" edit="0" delete="0"/>
    <access id="access_3_59" id_profile="Logistician" id_tab="Taxes" view="0" add="0" edit="0" delete="0"/>
    <access id="access_3_60" id_profile="Logistician" id_tab="Translations" view="0" add="0" edit="0" delete="0"/>
    <access id="access_3_61" id_profile="Logistician" id_tab="Modules_1" view="1" add="0" edit="1" delete="0"/>
    <access id="access_3_62" id_profile="Logistician" id_tab="Modules_Themes_Catalog" view="0" add="0" edit="0" delete="0"/>
    <access id="access_3_63" id_profile="Logistician" id_tab="Positions" view="0" add="0" edit="0" delete="0"/>
    <access id="access_3_64" id_profile="Logistician" id_tab="Payment" view="0" add="0" edit="0" delete="0"/>
    <access id="access_3_65" id_profile="Logistician" id_tab="General" view="0" add="0" edit="0" delete="0"/>
    <access id="access_3_66" id_profile="Logistician" id_tab="Orders_2" view="0" add="0" edit="0" delete="0"/>
    <access id="access_3_67" id_profile="Logistician" id_tab="Products_1" view="0" add="0" edit="0" delete="0"/>
    <access id="access_3_68" id_profile="Logistician" id_tab="Customers_2" view="0" add="0" edit="0" delete="0"/>
    <access id="access_3_69" id_profile="Logistician" id_tab="Themes" view="0" add="0" edit="0" delete="0"/>
    <access id="access_3_70" id_profile="Logistician" id_tab="SEO_URLs" view="0" add="0" edit="0" delete="0"/>
    <access id="access_3_71" id_profile="Logistician" id_tab="CMS" view="0" add="0" edit="0" delete="0"/>
    <access id="access_3_72" id_profile="Logistician" id_tab="Images" view="0" add="0" edit="0" delete="0"/>
    <access id="access_3_73" id_profile="Logistician" id_tab="Contact_stores" view="0" add="0" edit="0" delete="0"/>
    <access id="access_3_74" id_profile="Logistician" id_tab="Search_1" view="0" add="0" edit="0" delete="0"/>
    <access id="access_3_75" id_profile="Logistician" id_tab="Maintenance" view="0" add="0" edit="0" delete="0"/>
    <access id="access_3_76" id_profile="Logistician" id_tab="Geolocation" view="0" add="0" edit="0" delete="0"/>
    <access id="access_3_77" id_profile="Logistician" id_tab="Configuration_Information" view="0" add="0" edit="0" delete="0"/>
    <access id="access_3_78" id_profile="Logistician" id_tab="Performance" view="0" add="0" edit="0" delete="0"/>
    <access id="access_3_79" id_profile="Logistician" id_tab="E-mail" view="0" add="0" edit="0" delete="0"/>
    <access id="access_3_80" id_profile="Logistician" id_tab="Multi-shop" view="0" add="0" edit="0" delete="0"/>
    <access id="access_3_81" id_profile="Logistician" id_tab="CSV_Import" view="0" add="0" edit="0" delete="0"/>
    <access id="access_3_82" id_profile="Logistician" id_tab="DB_Backup" view="0" add="0" edit="0" delete="0"/>
    <access id="access_3_83" id_profile="Logistician" id_tab="SQL_Manager" view="0" add="0" edit="0" delete="0"/>
    <access id="access_3_84" id_profile="Logistician" id_tab="Logs" view="0" add="0" edit="0" delete="0"/>
    <access id="access_3_85" id_profile="Logistician" id_tab="Webservice" view="0" add="0" edit="0" delete="0"/>
    <access id="access_3_86" id_profile="Logistician" id_tab="Preferences_1" view="0" add="0" edit="0" delete="0"/>
    <access id="access_3_87" id_profile="Logistician" id_tab="Quick_Access" view="0" add="0" edit="0" delete="0"/>
    <access id="access_3_88" id_profile="Logistician" id_tab="Employees" view="0" add="0" edit="0" delete="0"/>
    <access id="access_3_89" id_profile="Logistician" id_tab="Profiles" view="0" add="0" edit="0" delete="0"/>
    <access id="access_3_90" id_profile="Logistician" id_tab="Permissions" view="0" add="0" edit="0" delete="0"/>
    <access id="access_3_91" id_profile="Logistician" id_tab="Tabs" view="0" add="0" edit="0" delete="0"/>
    <access id="access_3_92" id_profile="Logistician" id_tab="Stats_1" view="0" add="0" edit="0" delete="0"/>
    <access id="access_3_93" id_profile="Logistician" id_tab="Search_Engines" view="0" add="0" edit="0" delete="0"/>
    <access id="access_3_94" id_profile="Logistician" id_tab="Referrers" view="0" add="0" edit="0" delete="0"/>
    <access id="access_3_95" id_profile="Logistician" id_tab="Warehouses" view="1" add="1" edit="1" delete="1"/>
    <access id="access_3_96" id_profile="Logistician" id_tab="Stock_Management" view="1" add="1" edit="1" delete="1"/>
    <access id="access_3_97" id_profile="Logistician" id_tab="Stock_Movement" view="1" add="1" edit="1" delete="1"/>
    <access id="access_3_98" id_profile="Logistician" id_tab="Stock_instant_state" view="1" add="1" edit="1" delete="1"/>
    <access id="access_3_99" id_profile="Logistician" id_tab="Stock_cover" view="1" add="1" edit="1" delete="1"/>
    <access id="access_3_100" id_profile="Logistician" id_tab="Supply_orders" view="1" add="1" edit="1" delete="1"/>
    <access id="access_3_101" id_profile="Logistician" id_tab="Configuration" view="1" add="1" edit="1" delete="1"/>
    <access id="access_4_1" id_profile="Translator" id_tab="Home" view="0" add="0" edit="0" delete="0"/>
    <access id="access_4_2" id_profile="Translator" id_tab="CMS_pages" view="1" add="1" edit="1" delete="1"/>
    <access id="access_4_3" id_profile="Translator" id_tab="CMS_categories" view="1" add="1" edit="1" delete="1"/>
    <access id="access_4_4" id_profile="Translator" id_tab="Combinations_generator" view="1" add="1" edit="1" delete="1"/>
    <access id="access_4_5" id_profile="Translator" id_tab="Search" view="1" add="0" edit="0" delete="0"/>
    <access id="access_4_6" id_profile="Translator" id_tab="Login" view="0" add="0" edit="0" delete="0"/>
    <access id="access_4_7" id_profile="Translator" id_tab="Shops" view="0" add="0" edit="0" delete="0"/>
    <access id="access_4_8" id_profile="Translator" id_tab="Shop_Urls" view="0" add="0" edit="0" delete="0"/>
    <access id="access_4_9" id_profile="Translator" id_tab="Catalog" view="1" add="1" edit="1" delete="1"/>
    <access id="access_4_10" id_profile="Translator" id_tab="Orders" view="0" add="0" edit="0" delete="0"/>
    <access id="access_4_11" id_profile="Translator" id_tab="Customers" view="0" add="0" edit="0" delete="0"/>
    <access id="access_4_12" id_profile="Translator" id_tab="Price_rules" view="0" add="0" edit="0" delete="0"/>
    <access id="access_4_13" id_profile="Translator" id_tab="Shipping" view="0" add="0" edit="0" delete="0"/>
    <access id="access_4_14" id_profile="Translator" id_tab="Localization" view="0" add="0" edit="0" delete="0"/>
    <access id="access_4_15" id_profile="Translator" id_tab="Modules" view="0" add="0" edit="0" delete="0"/>
    <access id="access_4_16" id_profile="Translator" id_tab="Preferences" view="0" add="0" edit="0" delete="0"/>
    <access id="access_4_17" id_profile="Translator" id_tab="Advanced_parameters" view="0" add="0" edit="0" delete="0"/>
    <access id="access_4_18" id_profile="Translator" id_tab="Administration" view="0" add="0" edit="0" delete="0"/>
    <access id="access_4_19" id_profile="Translator" id_tab="Stats" view="0" add="0" edit="0" delete="0"/>
    <access id="access_4_20" id_profile="Translator" id_tab="Stock" view="0" add="0" edit="0" delete="0"/>
    <access id="access_4_21" id_profile="Translator" id_tab="Products" view="1" add="1" edit="1" delete="1"/>
    <access id="access_4_22" id_profile="Translator" id_tab="Categories" view="1" add="1" edit="1" delete="1"/>
    <access id="access_4_23" id_profile="Translator" id_tab="Monitoring" view="0" add="0" edit="0" delete="0"/>
    <access id="access_4_24" id_profile="Translator" id_tab="Attributes_and_Values" view="0" add="0" edit="0" delete="0"/>
    <access id="access_4_25" id_profile="Translator" id_tab="Features" view="0" add="0" edit="0" delete="0"/>
    <access id="access_4_26" id_profile="Translator" id_tab="Manufacturers" view="0" add="0" edit="0" delete="0"/>
    <access id="access_4_27" id_profile="Translator" id_tab="Suppliers" view="0" add="0" edit="0" delete="0"/>
    <access id="access_4_28" id_profile="Translator" id_tab="Image_Mapping" view="0" add="0" edit="0" delete="0"/>
    <access id="access_4_29" id_profile="Translator" id_tab="Tags" view="0" add="0" edit="0" delete="0"/>
    <access id="access_4_30" id_profile="Translator" id_tab="Attachments" view="0" add="0" edit="0" delete="0"/>
    <access id="access_4_31" id_profile="Translator" id_tab="Orders_1" view="0" add="0" edit="0" delete="0"/>
    <access id="access_4_32" id_profile="Translator" id_tab="Invoices" view="0" add="0" edit="0" delete="0"/>
    <access id="access_4_33" id_profile="Translator" id_tab="Merchandise_Returns" view="0" add="0" edit="0" delete="0"/>
    <access id="access_4_34" id_profile="Translator" id_tab="Delivery_Slips" view="0" add="0" edit="0" delete="0"/>
    <access id="access_4_35" id_profile="Translator" id_tab="Credit_Slips" view="0" add="0" edit="0" delete="0"/>
    <access id="access_4_36" id_profile="Translator" id_tab="Statuses" view="0" add="0" edit="0" delete="0"/>
    <access id="access_4_37" id_profile="Translator" id_tab="Order_Messages" view="0" add="0" edit="0" delete="0"/>
    <access id="access_4_38" id_profile="Translator" id_tab="Customers_1" view="0" add="0" edit="0" delete="0"/>
    <access id="access_4_39" id_profile="Translator" id_tab="Addresses" view="0" add="0" edit="0" delete="0"/>
    <access id="access_4_40" id_profile="Translator" id_tab="Groups" view="0" add="0" edit="0" delete="0"/>
    <access id="access_4_41" id_profile="Translator" id_tab="Shopping_Carts" view="0" add="0" edit="0" delete="0"/>
    <access id="access_4_42" id_profile="Translator" id_tab="Customer_Service" view="0" add="0" edit="0" delete="0"/>
    <access id="access_4_43" id_profile="Translator" id_tab="Contacts" view="0" add="0" edit="0" delete="0"/>
    <access id="access_4_44" id_profile="Translator" id_tab="Genders" view="0" add="0" edit="0" delete="0"/>
    <access id="access_4_45" id_profile="Translator" id_tab="Outstanding" view="0" add="0" edit="0" delete="0"/>
    <access id="access_4_46" id_profile="Translator" id_tab="Cart_Rules" view="0" add="0" edit="0" delete="0"/>
    <access id="access_4_47" id_profile="Translator" id_tab="Catalog_price_rules" view="0" add="0" edit="0" delete="0"/>
    <access id="access_4_48" id_profile="Translator" id_tab="Shipping_1" view="0" add="0" edit="0" delete="0"/>
    <access id="access_4_49" id_profile="Translator" id_tab="Carriers" view="0" add="0" edit="0" delete="0"/>
    <access id="access_4_50" id_profile="Translator" id_tab="Price_Ranges" view="0" add="0" edit="0" delete="0"/>
    <access id="access_4_51" id_profile="Translator" id_tab="Weight_Ranges" view="0" add="0" edit="0" delete="0"/>
    <access id="access_4_52" id_profile="Translator" id_tab="Localization_1" view="0" add="0" edit="0" delete="0"/>
    <access id="access_4_53" id_profile="Translator" id_tab="Languages" view="0" add="0" edit="0" delete="0"/>
    <access id="access_4_54" id_profile="Translator" id_tab="Zones" view="0" add="0" edit="0" delete="0"/>
    <access id="access_4_55" id_profile="Translator" id_tab="Countries" view="0" add="0" edit="0" delete="0"/>
    <access id="access_4_56" id_profile="Translator" id_tab="States" view="0" add="0" edit="0" delete="0"/>
    <access id="access_4_57" id_profile="Translator" id_tab="Currencies" view="0" add="0" edit="0" delete="0"/>
    <access id="access_4_58" id_profile="Translator" id_tab="Tax_Rules" view="0" add="0" edit="0" delete="0"/>
    <access id="access_4_59" id_profile="Translator" id_tab="Taxes" view="0" add="0" edit="0" delete="0"/>
    <access id="access_4_60" id_profile="Translator" id_tab="Translations" view="1" add="1" edit="1" delete="1"/>
    <access id="access_4_61" id_profile="Translator" id_tab="Modules_1" view="0" add="0" edit="0" delete="0"/>
    <access id="access_4_62" id_profile="Translator" id_tab="Modules_Themes_Catalog" view="0" add="0" edit="0" delete="0"/>
    <access id="access_4_63" id_profile="Translator" id_tab="Positions" view="0" add="0" edit="0" delete="0"/>
    <access id="access_4_64" id_profile="Translator" id_tab="Payment" view="0" add="0" edit="0" delete="0"/>
    <access id="access_4_65" id_profile="Translator" id_tab="General" view="0" add="0" edit="0" delete="0"/>
    <access id="access_4_66" id_profile="Translator" id_tab="Orders_2" view="0" add="0" edit="0" delete="0"/>
    <access id="access_4_67" id_profile="Translator" id_tab="Products_1" view="0" add="0" edit="0" delete="0"/>
    <access id="access_4_68" id_profile="Translator" id_tab="Customers_2" view="0" add="0" edit="0" delete="0"/>
    <access id="access_4_69" id_profile="Translator" id_tab="Themes" view="0" add="0" edit="0" delete="0"/>
    <access id="access_4_70" id_profile="Translator" id_tab="SEO_URLs" view="0" add="0" edit="0" delete="0"/>
    <access id="access_4_71" id_profile="Translator" id_tab="CMS" view="1" add="1" edit="1" delete="1"/>
    <access id="access_4_72" id_profile="Translator" id_tab="Images" view="0" add="0" edit="0" delete="0"/>
    <access id="access_4_73" id_profile="Translator" id_tab="Contact_stores" view="0" add="0" edit="0" delete="0"/>
    <access id="access_4_74" id_profile="Translator" id_tab="Search_1" view="0" add="0" edit="0" delete="0"/>
    <access id="access_4_75" id_profile="Translator" id_tab="Maintenance" view="0" add="0" edit="0" delete="0"/>
    <access id="access_4_76" id_profile="Translator" id_tab="Geolocation" view="0" add="0" edit="0" delete="0"/>
    <access id="access_4_77" id_profile="Translator" id_tab="Configuration_Information" view="0" add="0" edit="0" delete="0"/>
    <access id="access_4_78" id_profile="Translator" id_tab="Performance" view="0" add="0" edit="0" delete="0"/>
    <access id="access_4_79" id_profile="Translator" id_tab="E-mail" view="0" add="0" edit="0" delete="0"/>
    <access id="access_4_80" id_profile="Translator" id_tab="Multi-shop" view="0" add="0" edit="0" delete="0"/>
    <access id="access_4_81" id_profile="Translator" id_tab="CSV_Import" view="0" add="0" edit="0" delete="0"/>
    <access id="access_4_82" id_profile="Translator" id_tab="DB_Backup" view="0" add="0" edit="0" delete="0"/>
    <access id="access_4_83" id_profile="Translator" id_tab="SQL_Manager" view="0" add="0" edit="0" delete="0"/>
    <access id="access_4_84" id_profile="Translator" id_tab="Logs" view="0" add="0" edit="0" delete="0"/>
    <access id="access_4_85" id_profile="Translator" id_tab="Webservice" view="0" add="0" edit="0" delete="0"/>
    <access id="access_4_86" id_profile="Translator" id_tab="Preferences_1" view="0" add="0" edit="0" delete="0"/>
    <access id="access_4_87" id_profile="Translator" id_tab="Quick_Access" view="0" add="0" edit="0" delete="0"/>
    <access id="access_4_88" id_profile="Translator" id_tab="Employees" view="0" add="0" edit="0" delete="0"/>
    <access id="access_4_89" id_profile="Translator" id_tab="Profiles" view="0" add="0" edit="0" delete="0"/>
    <access id="access_4_90" id_profile="Translator" id_tab="Permissions" view="0" add="0" edit="0" delete="0"/>
    <access id="access_4_91" id_profile="Translator" id_tab="Tabs" view="0" add="0" edit="0" delete="0"/>
    <access id="access_4_92" id_profile="Translator" id_tab="Stats_1" view="0" add="0" edit="0" delete="0"/>
    <access id="access_4_93" id_profile="Translator" id_tab="Search_Engines" view="0" add="0" edit="0" delete="0"/>
    <access id="access_4_94" id_profile="Translator" id_tab="Referrers" view="0" add="0" edit="0" delete="0"/>
    <access id="access_4_95" id_profile="Translator" id_tab="Warehouses" view="0" add="0" edit="0" delete="0"/>
    <access id="access_4_96" id_profile="Translator" id_tab="Stock_Management" view="0" add="0" edit="0" delete="0"/>
    <access id="access_4_97" id_profile="Translator" id_tab="Stock_Movement" view="0" add="0" edit="0" delete="0"/>
    <access id="access_4_98" id_profile="Translator" id_tab="Stock_instant_state" view="0" add="0" edit="0" delete="0"/>
    <access id="access_4_99" id_profile="Translator" id_tab="Stock_cover" view="0" add="0" edit="0" delete="0"/>
    <access id="access_4_100" id_profile="Translator" id_tab="Supply_orders" view="0" add="0" edit="0" delete="0"/>
    <access id="access_4_101" id_profile="Translator" id_tab="Configuration" view="0" add="0" edit="0" delete="0"/>
    <access id="access_5_1" id_profile="Salesman" id_tab="Home" view="0" add="0" edit="0" delete="0"/>
    <access id="access_5_2" id_profile="Salesman" id_tab="CMS_pages" view="0" add="0" edit="0" delete="0"/>
    <access id="access_5_3" id_profile="Salesman" id_tab="CMS_categories" view="0" add="0" edit="0" delete="0"/>
    <access id="access_5_4" id_profile="Salesman" id_tab="Combinations_generator" view="1" add="1" edit="1" delete="1"/>
    <access id="access_5_5" id_profile="Salesman" id_tab="Search" view="1" add="0" edit="0" delete="0"/>
    <access id="access_5_6" id_profile="Salesman" id_tab="Login" view="0" add="0" edit="0" delete="0"/>
    <access id="access_5_7" id_profile="Salesman" id_tab="Shops" view="0" add="0" edit="0" delete="0"/>
    <access id="access_5_8" id_profile="Salesman" id_tab="Shop_Urls" view="0" add="0" edit="0" delete="0"/>
    <access id="access_5_9" id_profile="Salesman" id_tab="Catalog" view="1" add="1" edit="1" delete="1"/>
    <access id="access_5_10" id_profile="Salesman" id_tab="Orders" view="1" add="1" edit="1" delete="1"/>
    <access id="access_5_11" id_profile="Salesman" id_tab="Customers" view="1" add="1" edit="1" delete="1"/>
    <access id="access_5_12" id_profile="Salesman" id_tab="Price_rules" view="0" add="0" edit="0" delete="0"/>
    <access id="access_5_13" id_profile="Salesman" id_tab="Shipping" view="0" add="0" edit="0" delete="0"/>
    <access id="access_5_14" id_profile="Salesman" id_tab="Localization" view="0" add="0" edit="0" delete="0"/>
    <access id="access_5_15" id_profile="Salesman" id_tab="Modules" view="0" add="0" edit="0" delete="0"/>
    <access id="access_5_16" id_profile="Salesman" id_tab="Preferences" view="0" add="0" edit="0" delete="0"/>
    <access id="access_5_17" id_profile="Salesman" id_tab="Advanced_parameters" view="0" add="0" edit="0" delete="0"/>
    <access id="access_5_18" id_profile="Salesman" id_tab="Administration" view="0" add="0" edit="0" delete="0"/>
    <access id="access_5_19" id_profile="Salesman" id_tab="Stats" view="1" add="1" edit="1" delete="1"/>
    <access id="access_5_20" id_profile="Salesman" id_tab="Stock" view="1" add="0" edit="0" delete="0"/>
    <access id="access_5_21" id_profile="Salesman" id_tab="Products" view="1" add="1" edit="1" delete="1"/>
    <access id="access_5_22" id_profile="Salesman" id_tab="Categories" view="1" add="1" edit="1" delete="1"/>
    <access id="access_5_23" id_profile="Salesman" id_tab="Monitoring" view="0" add="0" edit="0" delete="0"/>
    <access id="access_5_24" id_profile="Salesman" id_tab="Attributes_and_Values" view="0" add="0" edit="0" delete="0"/>
    <access id="access_5_25" id_profile="Salesman" id_tab="Features" view="0" add="0" edit="0" delete="0"/>
    <access id="access_5_26" id_profile="Salesman" id_tab="Manufacturers" view="1" add="0" edit="0" delete="0"/>
    <access id="access_5_27" id_profile="Salesman" id_tab="Suppliers" view="0" add="0" edit="0" delete="0"/>
    <access id="access_5_28" id_profile="Salesman" id_tab="Image_Mapping" view="0" add="0" edit="0" delete="0"/>
    <access id="access_5_29" id_profile="Salesman" id_tab="Tags" view="0" add="0" edit="0" delete="0"/>
    <access id="access_5_30" id_profile="Salesman" id_tab="Attachments" view="0" add="0" edit="0" delete="0"/>
    <access id="access_5_31" id_profile="Salesman" id_tab="Orders_1" view="1" add="1" edit="1" delete="1"/>
    <access id="access_5_32" id_profile="Salesman" id_tab="Invoices" view="1" add="1" edit="1" delete="1"/>
    <access id="access_5_33" id_profile="Salesman" id_tab="Merchandise_Returns" view="0" add="0" edit="0" delete="0"/>
    <access id="access_5_34" id_profile="Salesman" id_tab="Delivery_Slips" view="0" add="0" edit="0" delete="0"/>
    <access id="access_5_35" id_profile="Salesman" id_tab="Credit_Slips" view="1" add="1" edit="1" delete="1"/>
    <access id="access_5_36" id_profile="Salesman" id_tab="Statuses" view="0" add="0" edit="0" delete="0"/>
    <access id="access_5_37" id_profile="Salesman" id_tab="Order_Messages" view="1" add="1" edit="1" delete="1"/>
    <access id="access_5_38" id_profile="Salesman" id_tab="Customers_1" view="1" add="1" edit="1" delete="1"/>
    <access id="access_5_39" id_profile="Salesman" id_tab="Addresses" view="1" add="1" edit="1" delete="1"/>
    <access id="access_5_40" id_profile="Salesman" id_tab="Groups" view="1" add="1" edit="1" delete="1"/>
    <access id="access_5_41" id_profile="Salesman" id_tab="Shopping_Carts" view="1" add="1" edit="1" delete="1"/>
    <access id="access_5_42" id_profile="Salesman" id_tab="Customer_Service" view="0" add="0" edit="0" delete="0"/>
    <access id="access_5_43" id_profile="Salesman" id_tab="Contacts" view="0" add="0" edit="0" delete="0"/>
    <access id="access_5_44" id_profile="Salesman" id_tab="Genders" view="0" add="0" edit="0" delete="0"/>
    <access id="access_5_45" id_profile="Salesman" id_tab="Outstanding" view="0" add="0" edit="0" delete="0"/>
    <access id="access_5_46" id_profile="Salesman" id_tab="Cart_Rules" view="0" add="0" edit="0" delete="0"/>
    <access id="access_5_47" id_profile="Salesman" id_tab="Catalog_price_rules" view="0" add="0" edit="0" delete="0"/>
    <access id="access_5_48" id_profile="Salesman" id_tab="Shipping_1" view="0" add="0" edit="0" delete="0"/>
    <access id="access_5_49" id_profile="Salesman" id_tab="Carriers" view="0" add="0" edit="0" delete="0"/>
    <access id="access_5_50" id_profile="Salesman" id_tab="Price_Ranges" view="0" add="0" edit="0" delete="0"/>
    <access id="access_5_51" id_profile="Salesman" id_tab="Weight_Ranges" view="0" add="0" edit="0" delete="0"/>
    <access id="access_5_52" id_profile="Salesman" id_tab="Localization_1" view="0" add="0" edit="0" delete="0"/>
    <access id="access_5_53" id_profile="Salesman" id_tab="Languages" view="0" add="0" edit="0" delete="0"/>
    <access id="access_5_54" id_profile="Salesman" id_tab="Zones" view="0" add="0" edit="0" delete="0"/>
    <access id="access_5_55" id_profile="Salesman" id_tab="Countries" view="0" add="0" edit="0" delete="0"/>
    <access id="access_5_56" id_profile="Salesman" id_tab="States" view="0" add="0" edit="0" delete="0"/>
    <access id="access_5_57" id_profile="Salesman" id_tab="Currencies" view="0" add="0" edit="0" delete="0"/>
    <access id="access_5_58" id_profile="Salesman" id_tab="Tax_Rules" view="0" add="0" edit="0" delete="0"/>
    <access id="access_5_59" id_profile="Salesman" id_tab="Taxes" view="0" add="0" edit="0" delete="0"/>
    <access id="access_5_60" id_profile="Salesman" id_tab="Translations" view="0" add="0" edit="0" delete="0"/>
    <access id="access_5_61" id_profile="Salesman" id_tab="Modules_1" view="1" add="0" edit="1" delete="0"/>
    <access id="access_5_62" id_profile="Salesman" id_tab="Modules_Themes_Catalog" view="0" add="0" edit="0" delete="0"/>
    <access id="access_5_63" id_profile="Salesman" id_tab="Positions" view="0" add="0" edit="0" delete="0"/>
    <access id="access_5_64" id_profile="Salesman" id_tab="Payment" view="0" add="0" edit="0" delete="0"/>
    <access id="access_5_65" id_profile="Salesman" id_tab="General" view="0" add="0" edit="0" delete="0"/>
    <access id="access_5_66" id_profile="Salesman" id_tab="Orders_2" view="0" add="0" edit="0" delete="0"/>
    <access id="access_5_67" id_profile="Salesman" id_tab="Products_1" view="0" add="0" edit="0" delete="0"/>
    <access id="access_5_68" id_profile="Salesman" id_tab="Customers_2" view="0" add="0" edit="0" delete="0"/>
    <access id="access_5_69" id_profile="Salesman" id_tab="Themes" view="0" add="0" edit="0" delete="0"/>
    <access id="access_5_70" id_profile="Salesman" id_tab="SEO_URLs" view="0" add="0" edit="0" delete="0"/>
    <access id="access_5_71" id_profile="Salesman" id_tab="CMS" view="0" add="0" edit="0" delete="0"/>
    <access id="access_5_72" id_profile="Salesman" id_tab="Images" view="0" add="0" edit="0" delete="0"/>
    <access id="access_5_73" id_profile="Salesman" id_tab="Contact_stores" view="0" add="0" edit="0" delete="0"/>
    <access id="access_5_74" id_profile="Salesman" id_tab="Search_1" view="0" add="0" edit="0" delete="0"/>
    <access id="access_5_75" id_profile="Salesman" id_tab="Maintenance" view="0" add="0" edit="0" delete="0"/>
    <access id="access_5_76" id_profile="Salesman" id_tab="Geolocation" view="0" add="0" edit="0" delete="0"/>
    <access id="access_5_77" id_profile="Salesman" id_tab="Configuration_Information" view="0" add="0" edit="0" delete="0"/>
    <access id="access_5_78" id_profile="Salesman" id_tab="Performance" view="0" add="0" edit="0" delete="0"/>
    <access id="access_5_79" id_profile="Salesman" id_tab="E-mail" view="0" add="0" edit="0" delete="0"/>
    <access id="access_5_80" id_profile="Salesman" id_tab="Multi-shop" view="0" add="0" edit="0" delete="0"/>
    <access id="access_5_81" id_profile="Salesman" id_tab="CSV_Import" view="0" add="0" edit="0" delete="0"/>
    <access id="access_5_82" id_profile="Salesman" id_tab="DB_Backup" view="0" add="0" edit="0" delete="0"/>
    <access id="access_5_83" id_profile="Salesman" id_tab="SQL_Manager" view="0" add="0" edit="0" delete="0"/>
    <access id="access_5_84" id_profile="Salesman" id_tab="Logs" view="0" add="0" edit="0" delete="0"/>
    <access id="access_5_85" id_profile="Salesman" id_tab="Webservice" view="1" add="1" edit="1" delete="1"/>
    <access id="access_5_86" id_profile="Salesman" id_tab="Preferences_1" view="0" add="0" edit="0" delete="0"/>
    <access id="access_5_87" id_profile="Salesman" id_tab="Quick_Access" view="0" add="0" edit="0" delete="0"/>
    <access id="access_5_88" id_profile="Salesman" id_tab="Employees" view="0" add="0" edit="0" delete="0"/>
    <access id="access_5_89" id_profile="Salesman" id_tab="Profiles" view="0" add="0" edit="0" delete="0"/>
    <access id="access_5_90" id_profile="Salesman" id_tab="Permissions" view="0" add="0" edit="0" delete="0"/>
    <access id="access_5_91" id_profile="Salesman" id_tab="Tabs" view="0" add="0" edit="0" delete="0"/>
    <access id="access_5_92" id_profile="Salesman" id_tab="Stats_1" view="1" add="1" edit="1" delete="1"/>
    <access id="access_5_93" id_profile="Salesman" id_tab="Search_Engines" view="0" add="0" edit="0" delete="0"/>
    <access id="access_5_94" id_profile="Salesman" id_tab="Referrers" view="1" add="1" edit="1" delete="1"/>
    <access id="access_5_95" id_profile="Salesman" id_tab="Warehouses" view="0" add="0" edit="0" delete="0"/>
    <access id="access_5_96" id_profile="Salesman" id_tab="Stock_Management" view="0" add="0" edit="0" delete="0"/>
    <access id="access_5_97" id_profile="Salesman" id_tab="Stock_Movement" view="0" add="0" edit="0" delete="0"/>
    <access id="access_5_98" id_profile="Salesman" id_tab="Stock_instant_state" view="0" add="0" edit="0" delete="0"/>
    <access id="access_5_99" id_profile="Salesman" id_tab="Stock_cover" view="0" add="0" edit="0" delete="0"/>
    <access id="access_5_100" id_profile="Salesman" id_tab="Supply_orders" view="1" add="0" edit="0" delete="0"/>
    <access id="access_5_101" id_profile="Salesman" id_tab="Configuration" view="0" add="0" edit="0" delete="0"/>
    <access id="access_3_0" id_profile="Logistician" id_tab="" view="1" add="1" edit="1" delete="1"/>
    <access id="access_4_0" id_profile="Translator" id_tab="" view="1" add="1" edit="1" delete="1"/>
    <access id="access_5_0" id_profile="Salesman" id_tab="" view="1" add="1" edit="1" delete="1"/>
  </entities>
</entity_access>
