<?xml version="1.0" encoding="UTF-8"?>
<entity_cart_product>
  <fields primary="id_cart, id_product, id_product_attribute">
    <field name="id_cart" relation="cart"/>
    <field name="id_product" relation="product"/>
    <field name="id_address_delivery"/>
    <field name="id_product_attribute" relation="product_attribute"/>
    <field name="quantity"/>
  </fields>
  <entities>
    <cart_product id="cart_product_1_7_23" id_cart="cart_1" id_product="iPod_touch" id_address_delivery="0" id_product_attribute="product_attribute_23" quantity="1"/>
    <cart_product id="cart_product_1_9_0" id_cart="cart_1" id_product="Shure_SE210_Sound-Isolating_Earphones_for_iPod_and_iPhone" id_address_delivery="0" id_product_attribute="" quantity="1"/>
  </entities>
</entity_cart_product>
