<?xml version="1.0" encoding="UTF-8" ?>
<localizationPack name="Belgium" version="1.0">
	<currencies>
		<currency name="Euro" iso_code="EUR" iso_code_num="978" sign="€" blank="1" conversion_rate="1.00" format="2" decimals="1" />
	</currencies>
	<languages>
		<language iso_code="fr" />
		<language iso_code="de" />
		<language iso_code="nl" />
	</languages>
	<taxes>
		<tax id="1" name="TVA BE 21%" rate="21" />
		<tax id="2" name="TVA BE 12%" rate="12" />
		<tax id="3" name="TVA BE 6%" rate="6" />
		
		<taxRulesGroup name="BE Standard Rate (21%)">
			<taxRule iso_code_country="be" id_tax="1" />
			<taxRule iso_code_country="bg" id_tax="1" />
			<taxRule iso_code_country="cz" id_tax="1" />
			<taxRule iso_code_country="dk" id_tax="1" />
			<taxRule iso_code_country="de" id_tax="1" />
			<taxRule iso_code_country="ee" id_tax="1" />
			<taxRule iso_code_country="gr" id_tax="1" />
			<taxRule iso_code_country="es" id_tax="1" />
			<taxRule iso_code_country="fr" id_tax="1" />
			<taxRule iso_code_country="ie" id_tax="1" />
			<taxRule iso_code_country="it" id_tax="1" />
			<taxRule iso_code_country="cy" id_tax="1" />
			<taxRule iso_code_country="lv" id_tax="1" />
			<taxRule iso_code_country="lt" id_tax="1" />
			<taxRule iso_code_country="lu" id_tax="1" />
			<taxRule iso_code_country="hu" id_tax="1" />
			<taxRule iso_code_country="mt" id_tax="1" />
			<taxRule iso_code_country="nl" id_tax="1" />
			<taxRule iso_code_country="at" id_tax="1" />
			<taxRule iso_code_country="pl" id_tax="1" />
			<taxRule iso_code_country="pt" id_tax="1" />
			<taxRule iso_code_country="ro" id_tax="1" />
			<taxRule iso_code_country="si" id_tax="1" />
			<taxRule iso_code_country="sk" id_tax="1" />
			<taxRule iso_code_country="fi" id_tax="1" />
			<taxRule iso_code_country="se" id_tax="1" />
			<taxRule iso_code_country="uk" id_tax="1" />
		</taxRulesGroup>

		<taxRulesGroup name="BE Reduced Rate (12%)">
			<taxRule iso_code_country="be" id_tax="2" />
			<taxRule iso_code_country="bg" id_tax="2" />
			<taxRule iso_code_country="cz" id_tax="2" />
			<taxRule iso_code_country="dk" id_tax="2" />
			<taxRule iso_code_country="de" id_tax="2" />
			<taxRule iso_code_country="ee" id_tax="2" />
			<taxRule iso_code_country="gr" id_tax="2" />
			<taxRule iso_code_country="es" id_tax="2" />
			<taxRule iso_code_country="fr" id_tax="2" />
			<taxRule iso_code_country="ie" id_tax="2" />
			<taxRule iso_code_country="it" id_tax="2" />
			<taxRule iso_code_country="cy" id_tax="2" />
			<taxRule iso_code_country="lv" id_tax="2" />
			<taxRule iso_code_country="lt" id_tax="2" />
			<taxRule iso_code_country="lu" id_tax="2" />
			<taxRule iso_code_country="hu" id_tax="2" />
			<taxRule iso_code_country="mt" id_tax="2" />
			<taxRule iso_code_country="nl" id_tax="2" />
			<taxRule iso_code_country="at" id_tax="2" />
			<taxRule iso_code_country="pl" id_tax="2" />
			<taxRule iso_code_country="pt" id_tax="2" />
			<taxRule iso_code_country="ro" id_tax="2" />
			<taxRule iso_code_country="si" id_tax="2" />
			<taxRule iso_code_country="sk" id_tax="2" />
			<taxRule iso_code_country="fi" id_tax="2" />
			<taxRule iso_code_country="se" id_tax="2" />
			<taxRule iso_code_country="uk" id_tax="2" />
		</taxRulesGroup>

		<taxRulesGroup name="BE Super Reduced Rate (6%)">
			<taxRule iso_code_country="be" id_tax="3" />
			<taxRule iso_code_country="bg" id_tax="3" />
			<taxRule iso_code_country="cz" id_tax="3" />
			<taxRule iso_code_country="dk" id_tax="3" />
			<taxRule iso_code_country="de" id_tax="3" />
			<taxRule iso_code_country="ee" id_tax="3" />
			<taxRule iso_code_country="gr" id_tax="3" />
			<taxRule iso_code_country="es" id_tax="3" />
			<taxRule iso_code_country="fr" id_tax="3" />
			<taxRule iso_code_country="ie" id_tax="3" />
			<taxRule iso_code_country="it" id_tax="3" />
			<taxRule iso_code_country="cy" id_tax="3" />
			<taxRule iso_code_country="lv" id_tax="3" />
			<taxRule iso_code_country="lt" id_tax="3" />
			<taxRule iso_code_country="lu" id_tax="3" />
			<taxRule iso_code_country="hu" id_tax="3" />
			<taxRule iso_code_country="mt" id_tax="3" />
			<taxRule iso_code_country="nl" id_tax="3" />
			<taxRule iso_code_country="at" id_tax="3" />
			<taxRule iso_code_country="pl" id_tax="3" />
			<taxRule iso_code_country="pt" id_tax="3" />
			<taxRule iso_code_country="ro" id_tax="3" />
			<taxRule iso_code_country="si" id_tax="3" />
			<taxRule iso_code_country="sk" id_tax="3" />
			<taxRule iso_code_country="fi" id_tax="3" />
			<taxRule iso_code_country="se" id_tax="3" />
			<taxRule iso_code_country="uk" id_tax="3" />
		</taxRulesGroup>

		<taxRulesGroup name="BE Foodstuff Rate (6%)">
			<taxRule iso_code_country="be" id_tax="3" />
			<taxRule iso_code_country="bg" id_tax="3" />
			<taxRule iso_code_country="cz" id_tax="3" />
			<taxRule iso_code_country="dk" id_tax="3" />
			<taxRule iso_code_country="de" id_tax="3" />
			<taxRule iso_code_country="ee" id_tax="3" />
			<taxRule iso_code_country="gr" id_tax="3" />
			<taxRule iso_code_country="es" id_tax="3" />
			<taxRule iso_code_country="fr" id_tax="3" />
			<taxRule iso_code_country="ie" id_tax="3" />
			<taxRule iso_code_country="it" id_tax="3" />
			<taxRule iso_code_country="cy" id_tax="3" />
			<taxRule iso_code_country="lv" id_tax="3" />
			<taxRule iso_code_country="lt" id_tax="3" />
			<taxRule iso_code_country="lu" id_tax="3" />
			<taxRule iso_code_country="hu" id_tax="3" />
			<taxRule iso_code_country="mt" id_tax="3" />
			<taxRule iso_code_country="nl" id_tax="3" />
			<taxRule iso_code_country="at" id_tax="3" />
			<taxRule iso_code_country="pl" id_tax="3" />
			<taxRule iso_code_country="pt" id_tax="3" />
			<taxRule iso_code_country="ro" id_tax="3" />
			<taxRule iso_code_country="si" id_tax="3" />
			<taxRule iso_code_country="sk" id_tax="3" />
			<taxRule iso_code_country="fi" id_tax="3" />
			<taxRule iso_code_country="se" id_tax="3" />
			<taxRule iso_code_country="uk" id_tax="3" />
		</taxRulesGroup>

		<taxRulesGroup name="BE Books Rate (6%)">
			<taxRule iso_code_country="be" id_tax="3" />
			<taxRule iso_code_country="bg" id_tax="3" />
			<taxRule iso_code_country="cz" id_tax="3" />
			<taxRule iso_code_country="dk" id_tax="3" />
			<taxRule iso_code_country="de" id_tax="3" />
			<taxRule iso_code_country="ee" id_tax="3" />
			<taxRule iso_code_country="gr" id_tax="3" />
			<taxRule iso_code_country="es" id_tax="3" />
			<taxRule iso_code_country="fr" id_tax="3" />
			<taxRule iso_code_country="ie" id_tax="3" />
			<taxRule iso_code_country="it" id_tax="3" />
			<taxRule iso_code_country="cy" id_tax="3" />
			<taxRule iso_code_country="lv" id_tax="3" />
			<taxRule iso_code_country="lt" id_tax="3" />
			<taxRule iso_code_country="lu" id_tax="3" />
			<taxRule iso_code_country="hu" id_tax="3" />
			<taxRule iso_code_country="mt" id_tax="3" />
			<taxRule iso_code_country="nl" id_tax="3" />
			<taxRule iso_code_country="at" id_tax="3" />
			<taxRule iso_code_country="pl" id_tax="3" />
			<taxRule iso_code_country="pt" id_tax="3" />
			<taxRule iso_code_country="ro" id_tax="3" />
			<taxRule iso_code_country="si" id_tax="3" />
			<taxRule iso_code_country="sk" id_tax="3" />
			<taxRule iso_code_country="fi" id_tax="3" />
			<taxRule iso_code_country="se" id_tax="3" />
			<taxRule iso_code_country="uk" id_tax="3" />
		</taxRulesGroup>
	</taxes>
	<units>
		<unit type="weight" value="kg" />
		<unit type="volume" value="L" />
		<unit type="short_distance" value="in" />
		<unit type="base_distance" value="ft" />
		<unit type="long_distance" value="mi" />
	</units>
</localizationPack>
