<?xml version="1.0" encoding="UTF-8" ?>
<localizationPack name="Canada" version="1.0">
	<currencies>
		<currency name="Dollar" iso_code="CAD" iso_code_num="124" sign="$" blank="0" conversion_rate="1.40054" format="1" decimals="1" />
	</currencies>
	<languages>
		<language iso_code="fr" />
	</languages>
	<taxes>
		<tax id="1" name="GST CA 5%" rate="5" />
		<tax id="2" name="HST CA 10%" rate="10" />
		
		<taxRulesGroup name="CA Standard Rate (10%)">
			<taxRule iso_code_country="ca" id_tax="1" />
		</taxRulesGroup>
		
		<taxRulesGroup name="CA Reduced Rate (5%)">
			<taxRule iso_code_country="ca" id_tax="2" />
		</taxRulesGroup>
	</taxes>
	<units>
		<unit type="weight" value="kg" />
		<unit type="volume" value="L" />
		<unit type="short_distance" value="in" />
		<unit type="base_distance" value="ft" />
		<unit type="long_distance" value="mi" />
	</units>
</localizationPack>
