<?xml version="1.0" encoding="UTF-8" ?>
<localizationPack name="Egypt" version="1.0">
	<currencies>
		<currency name="Pound" iso_code="EGP" iso_code_num="818" sign="£" blank="1" conversion_rate="7.77518" format="1" decimals="1" />
	</currencies>
	<languages>
		<language iso_code="ar" />
	</languages>
	<taxes>
		<tax id="1" name="VAT EG 10%" rate="10" />
		
		<taxRulesGroup name="EG Standard Rate (10%)">
			<taxRule iso_code_country="eg" id_tax="1" />
		</taxRulesGroup>
	</taxes>
	<units>
		<unit type="weight" value="kg" />
		<unit type="volume" value="L" />
		<unit type="short_distance" value="in" />
		<unit type="base_distance" value="ft" />
		<unit type="long_distance" value="mi" />
	</units>
</localizationPack>
