<?xml version="1.0" encoding="UTF-8" ?>
<localizationPack name="Italia" version="1.0">
	<currencies>
		<currency name="Euro" iso_code="EUR" iso_code_num="978" sign="€" blank="1" conversion_rate="1.00" format="2" decimals="1" />
	</currencies>
	<languages>
		<language iso_code="it" />
	</languages>
	<taxes>
		<tax id="1" name="IVA IT 20%" rate="20" />
		<tax id="2" name="IVA IT 10%" rate="10" />
		<tax id="3" name="IVA IT 4%" rate="4" />
		
		<taxRulesGroup name="IT Standard Rate (20%)">
			<taxRule iso_code_country="be" id_tax="1" />
			<taxRule iso_code_country="bg" id_tax="1" />
			<taxRule iso_code_country="cz" id_tax="1" />
			<taxRule iso_code_country="dk" id_tax="1" />
			<taxRule iso_code_country="de" id_tax="1" />
			<taxRule iso_code_country="ee" id_tax="1" />
			<taxRule iso_code_country="gr" id_tax="1" />
			<taxRule iso_code_country="es" id_tax="1" />
			<taxRule iso_code_country="fr" id_tax="1" />
			<taxRule iso_code_country="ie" id_tax="1" />
			<taxRule iso_code_country="it" id_tax="1" />
			<taxRule iso_code_country="cy" id_tax="1" />
			<taxRule iso_code_country="lv" id_tax="1" />
			<taxRule iso_code_country="lt" id_tax="1" />
			<taxRule iso_code_country="lu" id_tax="1" />
			<taxRule iso_code_country="hu" id_tax="1" />
			<taxRule iso_code_country="mt" id_tax="1" />
			<taxRule iso_code_country="nl" id_tax="1" />
			<taxRule iso_code_country="at" id_tax="1" />
			<taxRule iso_code_country="pl" id_tax="1" />
			<taxRule iso_code_country="pt" id_tax="1" />
			<taxRule iso_code_country="ro" id_tax="1" />
			<taxRule iso_code_country="si" id_tax="1" />
			<taxRule iso_code_country="sk" id_tax="1" />
			<taxRule iso_code_country="fi" id_tax="1" />
			<taxRule iso_code_country="se" id_tax="1" />
			<taxRule iso_code_country="uk" id_tax="1" />
		</taxRulesGroup>

		<taxRulesGroup name="IT Reduced Rate (10%)">
			<taxRule iso_code_country="be" id_tax="2" />
			<taxRule iso_code_country="bg" id_tax="2" />
			<taxRule iso_code_country="cz" id_tax="2" />
			<taxRule iso_code_country="dk" id_tax="2" />
			<taxRule iso_code_country="de" id_tax="2" />
			<taxRule iso_code_country="ee" id_tax="2" />
			<taxRule iso_code_country="gr" id_tax="2" />
			<taxRule iso_code_country="es" id_tax="2" />
			<taxRule iso_code_country="fr" id_tax="2" />
			<taxRule iso_code_country="ie" id_tax="2" />
			<taxRule iso_code_country="it" id_tax="2" />
			<taxRule iso_code_country="cy" id_tax="2" />
			<taxRule iso_code_country="lv" id_tax="2" />
			<taxRule iso_code_country="lt" id_tax="2" />
			<taxRule iso_code_country="lu" id_tax="2" />
			<taxRule iso_code_country="hu" id_tax="2" />
			<taxRule iso_code_country="mt" id_tax="2" />
			<taxRule iso_code_country="nl" id_tax="2" />
			<taxRule iso_code_country="at" id_tax="2" />
			<taxRule iso_code_country="pl" id_tax="2" />
			<taxRule iso_code_country="pt" id_tax="2" />
			<taxRule iso_code_country="ro" id_tax="2" />
			<taxRule iso_code_country="si" id_tax="2" />
			<taxRule iso_code_country="sk" id_tax="2" />
			<taxRule iso_code_country="fi" id_tax="2" />
			<taxRule iso_code_country="se" id_tax="2" />
			<taxRule iso_code_country="uk" id_tax="2" />
		</taxRulesGroup>

		<taxRulesGroup name="IT Super Reduced Rate (4%)">
			<taxRule iso_code_country="be" id_tax="3" />
			<taxRule iso_code_country="bg" id_tax="3" />
			<taxRule iso_code_country="cz" id_tax="3" />
			<taxRule iso_code_country="dk" id_tax="3" />
			<taxRule iso_code_country="de" id_tax="3" />
			<taxRule iso_code_country="ee" id_tax="3" />
			<taxRule iso_code_country="gr" id_tax="3" />
			<taxRule iso_code_country="es" id_tax="3" />
			<taxRule iso_code_country="fr" id_tax="3" />
			<taxRule iso_code_country="ie" id_tax="3" />
			<taxRule iso_code_country="it" id_tax="3" />
			<taxRule iso_code_country="cy" id_tax="3" />
			<taxRule iso_code_country="lv" id_tax="3" />
			<taxRule iso_code_country="lt" id_tax="3" />
			<taxRule iso_code_country="lu" id_tax="3" />
			<taxRule iso_code_country="hu" id_tax="3" />
			<taxRule iso_code_country="mt" id_tax="3" />
			<taxRule iso_code_country="nl" id_tax="3" />
			<taxRule iso_code_country="at" id_tax="3" />
			<taxRule iso_code_country="pl" id_tax="3" />
			<taxRule iso_code_country="pt" id_tax="3" />
			<taxRule iso_code_country="ro" id_tax="3" />
			<taxRule iso_code_country="si" id_tax="3" />
			<taxRule iso_code_country="sk" id_tax="3" />
			<taxRule iso_code_country="fi" id_tax="3" />
			<taxRule iso_code_country="se" id_tax="3" />
			<taxRule iso_code_country="uk" id_tax="3" />
		</taxRulesGroup>

		<taxRulesGroup name="IT Foodstuff Rate (4%)">
			<taxRule iso_code_country="be" id_tax="3" />
			<taxRule iso_code_country="bg" id_tax="3" />
			<taxRule iso_code_country="cz" id_tax="3" />
			<taxRule iso_code_country="dk" id_tax="3" />
			<taxRule iso_code_country="de" id_tax="3" />
			<taxRule iso_code_country="ee" id_tax="3" />
			<taxRule iso_code_country="gr" id_tax="3" />
			<taxRule iso_code_country="es" id_tax="3" />
			<taxRule iso_code_country="fr" id_tax="3" />
			<taxRule iso_code_country="ie" id_tax="3" />
			<taxRule iso_code_country="it" id_tax="3" />
			<taxRule iso_code_country="cy" id_tax="3" />
			<taxRule iso_code_country="lv" id_tax="3" />
			<taxRule iso_code_country="lt" id_tax="3" />
			<taxRule iso_code_country="lu" id_tax="3" />
			<taxRule iso_code_country="hu" id_tax="3" />
			<taxRule iso_code_country="mt" id_tax="3" />
			<taxRule iso_code_country="nl" id_tax="3" />
			<taxRule iso_code_country="at" id_tax="3" />
			<taxRule iso_code_country="pl" id_tax="3" />
			<taxRule iso_code_country="pt" id_tax="3" />
			<taxRule iso_code_country="ro" id_tax="3" />
			<taxRule iso_code_country="si" id_tax="3" />
			<taxRule iso_code_country="sk" id_tax="3" />
			<taxRule iso_code_country="fi" id_tax="3" />
			<taxRule iso_code_country="se" id_tax="3" />
			<taxRule iso_code_country="uk" id_tax="3" />
		</taxRulesGroup>

		<taxRulesGroup name="FR Books Rate (4%)">
			<taxRule iso_code_country="be" id_tax="3" />
			<taxRule iso_code_country="bg" id_tax="3" />
			<taxRule iso_code_country="cz" id_tax="3" />
			<taxRule iso_code_country="dk" id_tax="3" />
			<taxRule iso_code_country="de" id_tax="3" />
			<taxRule iso_code_country="ee" id_tax="3" />
			<taxRule iso_code_country="gr" id_tax="3" />
			<taxRule iso_code_country="es" id_tax="3" />
			<taxRule iso_code_country="fr" id_tax="3" />
			<taxRule iso_code_country="ie" id_tax="3" />
			<taxRule iso_code_country="it" id_tax="3" />
			<taxRule iso_code_country="cy" id_tax="3" />
			<taxRule iso_code_country="lv" id_tax="3" />
			<taxRule iso_code_country="lt" id_tax="3" />
			<taxRule iso_code_country="lu" id_tax="3" />
			<taxRule iso_code_country="hu" id_tax="3" />
			<taxRule iso_code_country="mt" id_tax="3" />
			<taxRule iso_code_country="nl" id_tax="3" />
			<taxRule iso_code_country="at" id_tax="3" />
			<taxRule iso_code_country="pl" id_tax="3" />
			<taxRule iso_code_country="pt" id_tax="3" />
			<taxRule iso_code_country="ro" id_tax="3" />
			<taxRule iso_code_country="si" id_tax="3" />
			<taxRule iso_code_country="sk" id_tax="3" />
			<taxRule iso_code_country="fi" id_tax="3" />
			<taxRule iso_code_country="se" id_tax="3" />
			<taxRule iso_code_country="uk" id_tax="3" />
		</taxRulesGroup>
	</taxes>
	<states>
			<state name="Agrigento" iso_code="AG" country="IT" zone="Europe" />
			<state name="Alessandria" iso_code="AL" country="IT" zone="Europe" />
			<state name="Ancona" iso_code="AN" country="IT" zone="Europe" />
			<state name="Aosta" iso_code="AO" country="IT" zone="Europe" />
			<state name="Arezzo" iso_code="AR" country="IT" zone="Europe" />
			<state name="Ascoli Piceno" iso_code="AP" country="IT" zone="Europe" />
			<state name="Asti" iso_code="AT" country="IT" zone="Europe" />
			<state name="Avellino" iso_code="AV" country="IT" zone="Europe" />
			<state name="Bari" iso_code="BA" country="IT" zone="Europe" />
			<state name="Barletta-Andria-Trani" iso_code="BT" country="IT" zone="Europe" />
			<state name="Belluno" iso_code="BL" country="IT" zone="Europe" />
			<state name="Benevento" iso_code="BN" country="IT" zone="Europe" />
			<state name="Bergamo" iso_code="BG" country="IT" zone="Europe" />
			<state name="Biella" iso_code="BI" country="IT" zone="Europe" />
			<state name="Bologna" iso_code="BO" country="IT" zone="Europe" />
			<state name="Bolzano" iso_code="BZ" country="IT" zone="Europe" />
			<state name="Brescia" iso_code="BS" country="IT" zone="Europe" />
			<state name="Brindisi" iso_code="BR" country="IT" zone="Europe" />
			<state name="Cagliari" iso_code="CA" country="IT" zone="Europe" />
			<state name="Caltanissetta" iso_code="CL" country="IT" zone="Europe" />
			<state name="Campobasso" iso_code="CB" country="IT" zone="Europe" />
			<state name="Carbonia-Iglesias" iso_code="CI" country="IT" zone="Europe" />
			<state name="Caserta" iso_code="CE" country="IT" zone="Europe" />
			<state name="Catania" iso_code="CT" country="IT" zone="Europe" />
			<state name="Catanzaro" iso_code="CZ" country="IT" zone="Europe" />
			<state name="Chieti" iso_code="CH" country="IT" zone="Europe" />
			<state name="Como" iso_code="CO" country="IT" zone="Europe" />
			<state name="Cosenza" iso_code="CS" country="IT" zone="Europe" />
			<state name="Cremona" iso_code="CR" country="IT" zone="Europe" />
			<state name="Crotone" iso_code="KR" country="IT" zone="Europe" />
			<state name="Cuneo" iso_code="CN" country="IT" zone="Europe" />
			<state name="Enna" iso_code="EN" country="IT" zone="Europe" />
			<state name="Fermo" iso_code="FM" country="IT" zone="Europe" />
			<state name="Ferrara" iso_code="FE" country="IT" zone="Europe" />
			<state name="Firenze" iso_code="FI" country="IT" zone="Europe" />
			<state name="Foggia" iso_code="FG" country="IT" zone="Europe" />
			<state name="Forlì-Cesena" iso_code="FC" country="IT" zone="Europe" />
			<state name="Frosinone" iso_code="FR" country="IT" zone="Europe" />
			<state name="Genova" iso_code="GE" country="IT" zone="Europe" />
			<state name="Gorizia" iso_code="GO" country="IT" zone="Europe" />
			<state name="Grosseto" iso_code="GR" country="IT" zone="Europe" />
			<state name="Imperia" iso_code="IM" country="IT" zone="Europe" />
			<state name="Isernia" iso_code="IS" country="IT" zone="Europe" />
			<state name="L'Aquila" iso_code="AQ" country="IT" zone="Europe" />
			<state name="La Spezia" iso_code="SP" country="IT" zone="Europe" />
			<state name="Latina" iso_code="LT" country="IT" zone="Europe" />
			<state name="Lecce" iso_code="LE" country="IT" zone="Europe" />
			<state name="Lecco" iso_code="LC" country="IT" zone="Europe" />
			<state name="Livorno" iso_code="LI" country="IT" zone="Europe" />
			<state name="Lodi" iso_code="LO" country="IT" zone="Europe" />
			<state name="Lucca" iso_code="LU" country="IT" zone="Europe" />
			<state name="Macerata" iso_code="MC" country="IT" zone="Europe" />
			<state name="Mantova" iso_code="MN" country="IT" zone="Europe" />
			<state name="Massa" iso_code="MS" country="IT" zone="Europe" />
			<state name="Matera" iso_code="MT" country="IT" zone="Europe" />
			<state name="Medio Campidano" iso_code="VS" country="IT" zone="Europe" />
			<state name="Messina" iso_code="ME" country="IT" zone="Europe" />
			<state name="Milano" iso_code="MI" country="IT" zone="Europe" />
			<state name="Modena" iso_code="MO" country="IT" zone="Europe" />
			<state name="Monza e della Brianza" iso_code="MB" country="IT" zone="Europe" />
			<state name="Napoli" iso_code="NA" country="IT" zone="Europe" />
			<state name="Novara" iso_code="NO" country="IT" zone="Europe" />
			<state name="Nuoro" iso_code="NU" country="IT" zone="Europe" />
			<state name="Ogliastra" iso_code="OG" country="IT" zone="Europe" />
			<state name="Olbia-Tempio" iso_code="OT" country="IT" zone="Europe" />
			<state name="Oristano" iso_code="OR" country="IT" zone="Europe" />
			<state name="Padova" iso_code="PD" country="IT" zone="Europe" />
			<state name="Palermo" iso_code="PA" country="IT" zone="Europe" />
			<state name="Parma" iso_code="PR" country="IT" zone="Europe" />
			<state name="Pavia" iso_code="PV" country="IT" zone="Europe" />
			<state name="Perugia" iso_code="PG" country="IT" zone="Europe" />
			<state name="Pesaro-Urbino" iso_code="PU" country="IT" zone="Europe" />
			<state name="Pescara" iso_code="PE" country="IT" zone="Europe" />
			<state name="Piacenza" iso_code="PC" country="IT" zone="Europe" />
			<state name="Pisa" iso_code="PI" country="IT" zone="Europe" />
			<state name="Pistoia" iso_code="PT" country="IT" zone="Europe" />
			<state name="Pordenone" iso_code="PN" country="IT" zone="Europe" />
			<state name="Potenza" iso_code="PZ" country="IT" zone="Europe" />
			<state name="Prato" iso_code="PO" country="IT" zone="Europe" />
			<state name="Ragusa" iso_code="RG" country="IT" zone="Europe" />
			<state name="Ravenna" iso_code="RA" country="IT" zone="Europe" />
			<state name="Reggio Calabria" iso_code="RC" country="IT" zone="Europe" />
			<state name="Reggio Emilia" iso_code="RE" country="IT" zone="Europe" />
			<state name="Rieti" iso_code="RI" country="IT" zone="Europe" />
			<state name="Rimini" iso_code="RN" country="IT" zone="Europe" />
			<state name="Roma" iso_code="RM" country="IT" zone="Europe" />
			<state name="Rovigo" iso_code="RO" country="IT" zone="Europe" />
			<state name="Salerno" iso_code="SA" country="IT" zone="Europe" />
			<state name="Sassari" iso_code="SS" country="IT" zone="Europe" />
			<state name="Savona" iso_code="SV" country="IT" zone="Europe" />
			<state name="Siena" iso_code="SI" country="IT" zone="Europe" />
			<state name="Siracusa" iso_code="SR" country="IT" zone="Europe" />
			<state name="Sondrio" iso_code="SO" country="IT" zone="Europe" />
			<state name="Taranto" iso_code="TA" country="IT" zone="Europe" />
			<state name="Teramo" iso_code="TE" country="IT" zone="Europe" />
			<state name="Terni" iso_code="TR" country="IT" zone="Europe" />
			<state name="Torino" iso_code="TO" country="IT" zone="Europe" />
			<state name="Trapani" iso_code="TP" country="IT" zone="Europe" />
			<state name="Trento" iso_code="TN" country="IT" zone="Europe" />
			<state name="Treviso" iso_code="TV" country="IT" zone="Europe" />
			<state name="Trieste" iso_code="TS" country="IT" zone="Europe" />
			<state name="Udine" iso_code="UD" country="IT" zone="Europe" />
			<state name="Varese" iso_code="VA" country="IT" zone="Europe" />
			<state name="Venezia" iso_code="VE" country="IT" zone="Europe" />
			<state name="Verbano-Cusio-Ossola" iso_code="VB" country="IT" zone="Europe" />
			<state name="Vercelli" iso_code="VC" country="IT" zone="Europe" />
			<state name="Verona" iso_code="VR" country="IT" zone="Europe" />
			<state name="Vibo Valentia" iso_code="VV" country="IT" zone="Europe" />
			<state name="Vicenza" iso_code="VI" country="IT" zone="Europe" />
			<state name="Viterbo" iso_code="VT" country="IT" zone="Europe" />
	</states>
	<units>
		<unit type="weight" value="kg" />
		<unit type="volume" value="L" />
		<unit type="short_distance" value="cm" />
		<unit type="base_distance" value="m" />
		<unit type="long_distance" value="km" />
	</units>
</localizationPack>
