<?xml version="1.0" encoding="UTF-8" ?>
<localizationPack name="Singapore" version="1.0">
	<currencies>
		<currency name="Dollar" iso_code="SGD" iso_code_num="702" sign="$" blank="1" conversion_rate="1.79109" format="1" decimals="1" />
	</currencies>
	<languages>
		<language iso_code="tw" />
		<language iso_code="zh" />
	</languages>
	<taxes>
		<tax id="1" name="GST SG 7%" rate="7" />
		
		<taxRulesGroup name="SG Standard Rate (7%)">
			<taxRule iso_code_country="sg" id_tax="1" />
		</taxRulesGroup>
	</taxes>
	<units>
		<unit type="weight" value="市制" />
		<unit type="volume" value="市升" />
		<unit type="short_distance" value="市厘" />
		<unit type="base_distance" value="里" />
		<unit type="long_distance" value="市里" />
	</units>
</localizationPack>
