﻿<?xml version="1.0"?>
<entity_category_group>
  <fields primary="id_category, id_group" sql="a.id_category &gt; 1">
    <field name="id_category" relation="category"/>
    <field name="id_group" relation="group"/>
  </fields>
  <entities>
    <category_group id="category_group_2_1" id_category="Women" id_group="Visitor"/>
    <category_group id="category_group_2_2" id_category="Women" id_group="Guest"/>
    <category_group id="category_group_2_3" id_category="Women" id_group="Customer"/>
    <category_group id="category_group_3_1" id_category="Coats_and_Jackets" id_group="Visitor"/>
    <category_group id="category_group_3_2" id_category="Coats_and_Jackets" id_group="Guest"/>
    <category_group id="category_group_3_3" id_category="Coats_and_Jackets" id_group="Customer"/>
    <category_group id="category_group_4_1" id_category="Coats" id_group="Visitor"/>
    <category_group id="category_group_4_2" id_category="Coats" id_group="Guest"/>
    <category_group id="category_group_4_3" id_category="Coats" id_group="Customer"/>
	<category_group id="category_group_5_1" id_category="Jackets" id_group="Visitor"/>
    <category_group id="category_group_5_2" id_category="Jackets" id_group="Guest"/>
    <category_group id="category_group_5_3" id_category="Jackets" id_group="Customer"/>
	<category_group id="category_group_6_1" id_category="Blazers" id_group="Visitor"/>
    <category_group id="category_group_6_2" id_category="Blazers" id_group="Guest"/>
    <category_group id="category_group_6_3" id_category="Blazers" id_group="Customer"/>
	<category_group id="category_group_7_1" id_category="Puffer_Jackets" id_group="Visitor"/>
    <category_group id="category_group_7_2" id_category="Puffer_Jackets" id_group="Guest"/>
    <category_group id="category_group_7_3" id_category="Puffer_Jackets" id_group="Customer"/>
	<category_group id="category_group_8_1" id_category="Leather_Jackets" id_group="Visitor"/>
    <category_group id="category_group_8_2" id_category="Leather_Jackets" id_group="Guest"/>
    <category_group id="category_group_8_3" id_category="Leather_Jackets" id_group="Customer"/>
	<category_group id="category_group_9_1" id_category="Tops" id_group="Visitor"/>
    <category_group id="category_group_9_2" id_category="Tops" id_group="Guest"/>
    <category_group id="category_group_9_3" id_category="Tops" id_group="Customer"/>
	<category_group id="category_group_10_1" id_category="T-shirts" id_group="Visitor"/>
    <category_group id="category_group_10_2" id_category="T-shirts" id_group="Guest"/>
    <category_group id="category_group_10_3" id_category="T-shirts" id_group="Customer"/>
	<category_group id="category_group_11_1" id_category="Tops_2" id_group="Visitor"/>
    <category_group id="category_group_11_2" id_category="Tops_2" id_group="Guest"/>
    <category_group id="category_group_11_3" id_category="Tops_2" id_group="Customer"/>
	<category_group id="category_group_12_1" id_category="Blouses" id_group="Visitor"/>
    <category_group id="category_group_12_2" id_category="Blouses" id_group="Guest"/>
    <category_group id="category_group_12_3" id_category="Blouses" id_group="Customer"/>
	<category_group id="category_group_13_1" id_category="Pants" id_group="Visitor"/>
    <category_group id="category_group_13_2" id_category="Pants" id_group="Guest"/>
    <category_group id="category_group_13_3" id_category="Pants" id_group="Customer"/>
	<category_group id="category_group_14_1" id_category="Skinny_Cut" id_group="Visitor"/>
    <category_group id="category_group_14_2" id_category="Skinny_Cut" id_group="Guest"/>
    <category_group id="category_group_14_3" id_category="Skinny_Cut" id_group="Customer"/>
	<category_group id="category_group_15_1" id_category="Straight_Cut" id_group="Visitor"/>
    <category_group id="category_group_15_2" id_category="Straight_Cut" id_group="Guest"/>
    <category_group id="category_group_15_3" id_category="Straight_Cut" id_group="Customer"/>
	<category_group id="category_group_16_1" id_category="Dresses" id_group="Visitor"/>
    <category_group id="category_group_16_2" id_category="Dresses" id_group="Guest"/>
    <category_group id="category_group_16_3" id_category="Dresses" id_group="Customer"/>
	<category_group id="category_group_17_1" id_category="Casual_Dresses" id_group="Visitor"/>
    <category_group id="category_group_17_2" id_category="Casual_Dresses" id_group="Guest"/>
    <category_group id="category_group_17_3" id_category="Casual_Dresses" id_group="Customer"/>
	<category_group id="category_group_18_1" id_category="Evening_Dresses" id_group="Visitor"/>
    <category_group id="category_group_18_2" id_category="Evening_Dresses" id_group="Guest"/>
    <category_group id="category_group_18_3" id_category="Evening_Dresses" id_group="Customer"/>
	<category_group id="category_group_19_1" id_category="Summer_Dresses" id_group="Visitor"/>
    <category_group id="category_group_19_2" id_category="Summer_Dresses" id_group="Guest"/>
    <category_group id="category_group_19_3" id_category="Summer_Dresses" id_group="Customer"/>
	<category_group id="category_group_20_1" id_category="Accessories" id_group="Visitor"/>
    <category_group id="category_group_20_2" id_category="Accessories" id_group="Guest"/>
    <category_group id="category_group_20_3" id_category="Accessories" id_group="Customer"/>
	<category_group id="category_group_21_1" id_category="Belts" id_group="Visitor"/>
    <category_group id="category_group_21_2" id_category="Belts" id_group="Guest"/>
    <category_group id="category_group_21_3" id_category="Belts" id_group="Customer"/>
	<category_group id="category_group_22_1" id_category="Hats" id_group="Visitor"/>
    <category_group id="category_group_22_2" id_category="Hats" id_group="Guest"/>
    <category_group id="category_group_22_3" id_category="Hats" id_group="Customer"/>
	<category_group id="category_group_23_1" id_category="Handbags" id_group="Visitor"/>
    <category_group id="category_group_23_2" id_category="Handbags" id_group="Guest"/>
    <category_group id="category_group_23_3" id_category="Handbags" id_group="Customer"/>
	<category_group id="category_group_24_1" id_category="Shoes" id_group="Visitor"/>
    <category_group id="category_group_24_2" id_category="Shoes" id_group="Guest"/>
    <category_group id="category_group_24_3" id_category="Shoes" id_group="Customer"/>
	<category_group id="category_group_25_1" id_category="Men" id_group="Visitor"/>
    <category_group id="category_group_25_2" id_category="Men" id_group="Guest"/>
    <category_group id="category_group_25_3" id_category="Men" id_group="Customer"/>
  </entities>
</entity_category_group>
