<?xml version="1.0" encoding="UTF-8"?>
<entity_product_attribute>
  <fields class="Combination">
    <field name="id_product" relation="product"/>
    <field name="reference"/>
    <field name="supplier_reference"/>
    <field name="location"/>
    <field name="ean13"/>
    <field name="upc"/>
    <field name="wholesale_price"/>
    <field name="price"/>
    <field name="ecotax"/>
    <field name="quantity"/>
    <field name="weight"/>
    <field name="unit_price_impact"/>
    <field name="default_on"/>
    <field name="minimal_quantity"/>
    <field name="available_date"/>
  </fields>
  <entities>
	<product_attribute id="pa_Fur_Coat_1" id_product="Fur_Coat" reference="" supplier_reference="" ean13="" upc="" wholesale_price="0.000000" price="0.000000" ecotax="0.000000" quantity="100" weight="0" unit_price_impact="0.00" default_on="1" minimal_quantity="1" available_date="0000-00-00"><location/></product_attribute>
	<product_attribute id="pa_Fur_Coat_2" id_product="Fur_Coat" reference="" supplier_reference="" ean13="" upc="" wholesale_price="0.000000" price="0.000000" ecotax="0.000000" quantity="100" weight="0" unit_price_impact="0.00" default_on="0" minimal_quantity="1" available_date="0000-00-00"><location/></product_attribute>
	<product_attribute id="pa_Fur_Coat_3" id_product="Fur_Coat" reference="" supplier_reference="" ean13="" upc="" wholesale_price="0.000000" price="0.000000" ecotax="0.000000" quantity="100" weight="0" unit_price_impact="0.00" default_on="0" minimal_quantity="1" available_date="0000-00-00"><location/></product_attribute>
	<product_attribute id="pa_Textured_Trench_Coat_1" id_product="Textured_Trench_Coat" reference="" supplier_reference="" ean13="" upc="" wholesale_price="0.000000" price="0.000000" ecotax="0.000000" quantity="100" weight="0" unit_price_impact="0.00" default_on="1" minimal_quantity="1" available_date="0000-00-00"><location/></product_attribute>
	<product_attribute id="pa_Textured_Trench_Coat_2" id_product="Textured_Trench_Coat" reference="" supplier_reference="" ean13="" upc="" wholesale_price="0.000000" price="0.000000" ecotax="0.000000" quantity="100" weight="0" unit_price_impact="0.00" default_on="0" minimal_quantity="1" available_date="0000-00-00"><location/></product_attribute>
	<product_attribute id="pa_Textured_Trench_Coat_3" id_product="Textured_Trench_Coat" reference="" supplier_reference="" ean13="" upc="" wholesale_price="0.000000" price="0.000000" ecotax="0.000000" quantity="100" weight="0" unit_price_impact="0.00" default_on="0" minimal_quantity="1" available_date="0000-00-00"><location/></product_attribute>
	<product_attribute id="pa_Slim_Cut_Coat_1" id_product="Slim_Cut_Coat" reference="" supplier_reference="" ean13="" upc="" wholesale_price="0.000000" price="0.000000" ecotax="0.000000" quantity="100" weight="0" unit_price_impact="0.00" default_on="1" minimal_quantity="1" available_date="0000-00-00"><location/></product_attribute>
	<product_attribute id="pa_Slim_Cut_Coat_2" id_product="Slim_Cut_Coat" reference="" supplier_reference="" ean13="" upc="" wholesale_price="0.000000" price="0.000000" ecotax="0.000000" quantity="100" weight="0" unit_price_impact="0.00" default_on="0" minimal_quantity="1" available_date="0000-00-00"><location/></product_attribute>
	<product_attribute id="pa_Slim_Cut_Coat_3" id_product="Slim_Cut_Coat" reference="" supplier_reference="" ean13="" upc="" wholesale_price="0.000000" price="0.000000" ecotax="0.000000" quantity="100" weight="0" unit_price_impact="0.00" default_on="0" minimal_quantity="1" available_date="0000-00-00"><location/></product_attribute>
	<product_attribute id="pa_Quilted_Jacket_1" id_product="Quilted_Jacket" reference="" supplier_reference="" ean13="" upc="" wholesale_price="0.000000" price="0.000000" ecotax="0.000000" quantity="100" weight="0" unit_price_impact="0.00" default_on="1" minimal_quantity="1" available_date="0000-00-00"><location/></product_attribute>
	<product_attribute id="pa_Quilted_Jacket_2" id_product="Quilted_Jacket" reference="" supplier_reference="" ean13="" upc="" wholesale_price="0.000000" price="0.000000" ecotax="0.000000" quantity="100" weight="0" unit_price_impact="0.00" default_on="0" minimal_quantity="1" available_date="0000-00-00"><location/></product_attribute>
	<product_attribute id="pa_Quilted_Jacket_3" id_product="Quilted_Jacket" reference="" supplier_reference="" ean13="" upc="" wholesale_price="0.000000" price="0.000000" ecotax="0.000000" quantity="100" weight="0" unit_price_impact="0.00" default_on="0" minimal_quantity="1" available_date="0000-00-00"><location/></product_attribute>
	<product_attribute id="pa_Suit_Blazer_1" id_product="Suit_Blazer" reference="" supplier_reference="" ean13="" upc="" wholesale_price="0.000000" price="0.000000" ecotax="0.000000" quantity="100" weight="0" unit_price_impact="0.00" default_on="1" minimal_quantity="1" available_date="0000-00-00"><location/></product_attribute>
	<product_attribute id="pa_Suit_Blazer_2" id_product="Suit_Blazer" reference="" supplier_reference="" ean13="" upc="" wholesale_price="0.000000" price="0.000000" ecotax="0.000000" quantity="100" weight="0" unit_price_impact="0.00" default_on="0" minimal_quantity="1" available_date="0000-00-00"><location/></product_attribute>
	<product_attribute id="pa_Suit_Blazer_3" id_product="Suit_Blazer" reference="" supplier_reference="" ean13="" upc="" wholesale_price="0.000000" price="0.000000" ecotax="0.000000" quantity="100" weight="0" unit_price_impact="0.00" default_on="0" minimal_quantity="1" available_date="0000-00-00"><location/></product_attribute>
	<product_attribute id="pa_Short_Blazer_1" id_product="Short_Blazer" reference="" supplier_reference="" ean13="" upc="" wholesale_price="0.000000" price="0.000000" ecotax="0.000000" quantity="100" weight="0" unit_price_impact="0.00" default_on="1" minimal_quantity="1" available_date="0000-00-00"><location/></product_attribute>
	<product_attribute id="pa_Short_Blazer_2" id_product="Short_Blazer" reference="" supplier_reference="" ean13="" upc="" wholesale_price="0.000000" price="0.000000" ecotax="0.000000" quantity="100" weight="0" unit_price_impact="0.00" default_on="0" minimal_quantity="1" available_date="0000-00-00"><location/></product_attribute>
	<product_attribute id="pa_Short_Blazer_3" id_product="Short_Blazer" reference="" supplier_reference="" ean13="" upc="" wholesale_price="0.000000" price="0.000000" ecotax="0.000000" quantity="100" weight="0" unit_price_impact="0.00" default_on="0" minimal_quantity="1" available_date="0000-00-00"><location/></product_attribute>
	<product_attribute id="pa_Puffer_Jacket_1" id_product="Puffer_Jacket" reference="" supplier_reference="" ean13="" upc="" wholesale_price="0.000000" price="0.000000" ecotax="0.000000" quantity="100" weight="0" unit_price_impact="0.00" default_on="1" minimal_quantity="1" available_date="0000-00-00"><location/></product_attribute>
	<product_attribute id="pa_Puffer_Jacket_2" id_product="Puffer_Jacket" reference="" supplier_reference="" ean13="" upc="" wholesale_price="0.000000" price="0.000000" ecotax="0.000000" quantity="100" weight="0" unit_price_impact="0.00" default_on="0" minimal_quantity="1" available_date="0000-00-00"><location/></product_attribute>
	<product_attribute id="pa_Puffer_Jacket_3" id_product="Puffer_Jacket" reference="" supplier_reference="" ean13="" upc="" wholesale_price="0.000000" price="0.000000" ecotax="0.000000" quantity="100" weight="0" unit_price_impact="0.00" default_on="0" minimal_quantity="1" available_date="0000-00-00"><location/></product_attribute>
	<product_attribute id="pa_Leather_Jacket_1_1" id_product="Leather_Jacket_1" reference="" supplier_reference="" ean13="" upc="" wholesale_price="0.000000" price="0.000000" ecotax="0.000000" quantity="100" weight="0" unit_price_impact="0.00" default_on="1" minimal_quantity="1" available_date="0000-00-00"><location/></product_attribute>
	<product_attribute id="pa_Leather_Jacket_1_2" id_product="Leather_Jacket_1" reference="" supplier_reference="" ean13="" upc="" wholesale_price="0.000000" price="0.000000" ecotax="0.000000" quantity="100" weight="0" unit_price_impact="0.00" default_on="0" minimal_quantity="1" available_date="0000-00-00"><location/></product_attribute>
	<product_attribute id="pa_Leather_Jacket_1_3" id_product="Leather_Jacket_1" reference="" supplier_reference="" ean13="" upc="" wholesale_price="0.000000" price="0.000000" ecotax="0.000000" quantity="100" weight="0" unit_price_impact="0.00" default_on="0" minimal_quantity="1" available_date="0000-00-00"><location/></product_attribute>
	<product_attribute id="pa_Leather_Jacket_2_1" id_product="Leather_Jacket_2" reference="" supplier_reference="" ean13="" upc="" wholesale_price="0.000000" price="0.000000" ecotax="0.000000" quantity="100" weight="0" unit_price_impact="0.00" default_on="1" minimal_quantity="1" available_date="0000-00-00"><location/></product_attribute>
	<product_attribute id="pa_Leather_Jacket_2_2" id_product="Leather_Jacket_2" reference="" supplier_reference="" ean13="" upc="" wholesale_price="0.000000" price="0.000000" ecotax="0.000000" quantity="100" weight="0" unit_price_impact="0.00" default_on="0" minimal_quantity="1" available_date="0000-00-00"><location/></product_attribute>
	<product_attribute id="pa_Leather_Jacket_2_3" id_product="Leather_Jacket_2" reference="" supplier_reference="" ean13="" upc="" wholesale_price="0.000000" price="0.000000" ecotax="0.000000" quantity="100" weight="0" unit_price_impact="0.00" default_on="0" minimal_quantity="1" available_date="0000-00-00"><location/></product_attribute>
	<product_attribute id="pa_Leather_Jacket_3_1" id_product="Leather_Jacket_3" reference="" supplier_reference="" ean13="" upc="" wholesale_price="0.000000" price="0.000000" ecotax="0.000000" quantity="100" weight="0" unit_price_impact="0.00" default_on="1" minimal_quantity="1" available_date="0000-00-00"><location/></product_attribute>
	<product_attribute id="pa_Leather_Jacket_3_2" id_product="Leather_Jacket_3" reference="" supplier_reference="" ean13="" upc="" wholesale_price="0.000000" price="0.000000" ecotax="0.000000" quantity="100" weight="0" unit_price_impact="0.00" default_on="0" minimal_quantity="1" available_date="0000-00-00"><location/></product_attribute>
	<product_attribute id="pa_Leather_Jacket_3_3" id_product="Leather_Jacket_3" reference="" supplier_reference="" ean13="" upc="" wholesale_price="0.000000" price="0.000000" ecotax="0.000000" quantity="100" weight="0" unit_price_impact="0.00" default_on="0" minimal_quantity="1" available_date="0000-00-00"><location/></product_attribute>
	<product_attribute id="pa_Short_Sleeve_T-shirts_1" id_product="Short_Sleeve_T-shirts" reference="" supplier_reference="" ean13="" upc="" wholesale_price="0.000000" price="0.000000" ecotax="0.000000" quantity="100" weight="0" unit_price_impact="0.00" default_on="1" minimal_quantity="1" available_date="0000-00-00"><location/></product_attribute>
	<product_attribute id="pa_Short_Sleeve_T-shirts_2" id_product="Short_Sleeve_T-shirts" reference="" supplier_reference="" ean13="" upc="" wholesale_price="0.000000" price="0.000000" ecotax="0.000000" quantity="100" weight="0" unit_price_impact="0.00" default_on="0" minimal_quantity="1" available_date="0000-00-00"><location/></product_attribute>
	<product_attribute id="pa_Short_Sleeve_T-shirts_3" id_product="Short_Sleeve_T-shirts" reference="" supplier_reference="" ean13="" upc="" wholesale_price="0.000000" price="0.000000" ecotax="0.000000" quantity="100" weight="0" unit_price_impact="0.00" default_on="0" minimal_quantity="1" available_date="0000-00-00"><location/></product_attribute>
	<product_attribute id="pa_Faded_Short_Sleeve_T-shirts_1" id_product="Faded_Short_Sleeve_T-shirts" reference="" supplier_reference="" ean13="" upc="" wholesale_price="0.000000" price="0.000000" ecotax="0.000000" quantity="100" weight="0" unit_price_impact="0.00" default_on="1" minimal_quantity="1" available_date="0000-00-00"><location/></product_attribute>
	<product_attribute id="pa_Faded_Short_Sleeve_T-shirts_2" id_product="Faded_Short_Sleeve_T-shirts" reference="" supplier_reference="" ean13="" upc="" wholesale_price="0.000000" price="0.000000" ecotax="0.000000" quantity="100" weight="0" unit_price_impact="0.00" default_on="0" minimal_quantity="1" available_date="0000-00-00"><location/></product_attribute>
	<product_attribute id="pa_Faded_Short_Sleeve_T-shirts_3" id_product="Faded_Short_Sleeve_T-shirts" reference="" supplier_reference="" ean13="" upc="" wholesale_price="0.000000" price="0.000000" ecotax="0.000000" quantity="100" weight="0" unit_price_impact="0.00" default_on="0" minimal_quantity="1" available_date="0000-00-00"><location/></product_attribute>
	<product_attribute id="pa_Faded_Short_Sleeve_T-shirts_4" id_product="Faded_Short_Sleeve_T-shirts" reference="" supplier_reference="" ean13="" upc="" wholesale_price="0.000000" price="0.000000" ecotax="0.000000" quantity="100" weight="0" unit_price_impact="0.00" default_on="0" minimal_quantity="1" available_date="0000-00-00"><location/></product_attribute>
	<product_attribute id="pa_Faded_Short_Sleeve_T-shirts_5" id_product="Faded_Short_Sleeve_T-shirts" reference="" supplier_reference="" ean13="" upc="" wholesale_price="0.000000" price="0.000000" ecotax="0.000000" quantity="100" weight="0" unit_price_impact="0.00" default_on="0" minimal_quantity="1" available_date="0000-00-00"><location/></product_attribute>
	<product_attribute id="pa_Faded_Short_Sleeve_T-shirts_6" id_product="Faded_Short_Sleeve_T-shirts" reference="" supplier_reference="" ean13="" upc="" wholesale_price="0.000000" price="0.000000" ecotax="0.000000" quantity="100" weight="0" unit_price_impact="0.00" default_on="0" minimal_quantity="1" available_date="0000-00-00"><location/></product_attribute>
	<product_attribute id="pa_Cami_Tank_Top_1" id_product="Cami_Tank_Top" reference="" supplier_reference="" ean13="" upc="" wholesale_price="0.000000" price="0.000000" ecotax="0.000000" quantity="100" weight="0" unit_price_impact="0.00" default_on="1" minimal_quantity="1" available_date="0000-00-00"><location/></product_attribute>
	<product_attribute id="pa_Cami_Tank_Top_2" id_product="Cami_Tank_Top" reference="" supplier_reference="" ean13="" upc="" wholesale_price="0.000000" price="0.000000" ecotax="0.000000" quantity="100" weight="0" unit_price_impact="0.00" default_on="0" minimal_quantity="1" available_date="0000-00-00"><location/></product_attribute>
	<product_attribute id="pa_Cami_Tank_Top_3" id_product="Cami_Tank_Top" reference="" supplier_reference="" ean13="" upc="" wholesale_price="0.000000" price="0.000000" ecotax="0.000000" quantity="100" weight="0" unit_price_impact="0.00" default_on="0" minimal_quantity="1" available_date="0000-00-00"><location/></product_attribute>
	<product_attribute id="pa_Blouse_1" id_product="Blouse" reference="" supplier_reference="" ean13="" upc="" wholesale_price="0.000000" price="0.000000" ecotax="0.000000" quantity="100" weight="0" unit_price_impact="0.00" default_on="1" minimal_quantity="1" available_date="0000-00-00"><location/></product_attribute>
	<product_attribute id="pa_Blouse_2" id_product="Blouse" reference="" supplier_reference="" ean13="" upc="" wholesale_price="0.000000" price="0.000000" ecotax="0.000000" quantity="100" weight="0" unit_price_impact="0.00" default_on="0" minimal_quantity="1" available_date="0000-00-00"><location/></product_attribute>
	<product_attribute id="pa_Blouse_3" id_product="Blouse" reference="" supplier_reference="" ean13="" upc="" wholesale_price="0.000000" price="0.000000" ecotax="0.000000" quantity="100" weight="0" unit_price_impact="0.00" default_on="0" minimal_quantity="1" available_date="0000-00-00"><location/></product_attribute>
	<product_attribute id="pa_Blouse_4" id_product="Blouse" reference="" supplier_reference="" ean13="" upc="" wholesale_price="0.000000" price="0.000000" ecotax="0.000000" quantity="100" weight="0" unit_price_impact="0.00" default_on="0" minimal_quantity="1" available_date="0000-00-00"><location/></product_attribute>
	<product_attribute id="pa_Blouse_5" id_product="Blouse" reference="" supplier_reference="" ean13="" upc="" wholesale_price="0.000000" price="0.000000" ecotax="0.000000" quantity="100" weight="0" unit_price_impact="0.00" default_on="0" minimal_quantity="1" available_date="0000-00-00"><location/></product_attribute>
	<product_attribute id="pa_Blouse_6" id_product="Blouse" reference="" supplier_reference="" ean13="" upc="" wholesale_price="0.000000" price="0.000000" ecotax="0.000000" quantity="100" weight="0" unit_price_impact="0.00" default_on="0" minimal_quantity="1" available_date="0000-00-00"><location/></product_attribute>
	<product_attribute id="pa_Leapoard_Printed_Blouse_1" id_product="Leapoard_Printed_Blouse" reference="" supplier_reference="" ean13="" upc="" wholesale_price="0.000000" price="0.000000" ecotax="0.000000" quantity="100" weight="0" unit_price_impact="0.00" default_on="1" minimal_quantity="1" available_date="0000-00-00"><location/></product_attribute>
	<product_attribute id="pa_Leapoard_Printed_Blouse_2" id_product="Leapoard_Printed_Blouse" reference="" supplier_reference="" ean13="" upc="" wholesale_price="0.000000" price="0.000000" ecotax="0.000000" quantity="100" weight="0" unit_price_impact="0.00" default_on="0" minimal_quantity="1" available_date="0000-00-00"><location/></product_attribute>
	<product_attribute id="pa_Leapoard_Printed_Blouse_3" id_product="Leapoard_Printed_Blouse" reference="" supplier_reference="" ean13="" upc="" wholesale_price="0.000000" price="0.000000" ecotax="0.000000" quantity="100" weight="0" unit_price_impact="0.00" default_on="0" minimal_quantity="1" available_date="0000-00-00"><location/></product_attribute>
	<product_attribute id="pa_Faded_Jeans_1" id_product="Faded_Jeans" reference="" supplier_reference="" ean13="" upc="" wholesale_price="0.000000" price="0.000000" ecotax="0.000000" quantity="100" weight="0" unit_price_impact="0.00" default_on="1" minimal_quantity="1" available_date="0000-00-00"><location/></product_attribute>
	<product_attribute id="pa_Faded_Jeans_2" id_product="Faded_Jeans" reference="" supplier_reference="" ean13="" upc="" wholesale_price="0.000000" price="0.000000" ecotax="0.000000" quantity="100" weight="0" unit_price_impact="0.00" default_on="0" minimal_quantity="1" available_date="0000-00-00"><location/></product_attribute>
	<product_attribute id="pa_Faded_Jeans_3" id_product="Faded_Jeans" reference="" supplier_reference="" ean13="" upc="" wholesale_price="0.000000" price="0.000000" ecotax="0.000000" quantity="100" weight="0" unit_price_impact="0.00" default_on="0" minimal_quantity="1" available_date="0000-00-00"><location/></product_attribute>
	<product_attribute id="pa_5_Pocket_Jean_1_1" id_product="5_Pocket_Jean_1" reference="" supplier_reference="" ean13="" upc="" wholesale_price="0.000000" price="0.000000" ecotax="0.000000" quantity="100" weight="0" unit_price_impact="0.00" default_on="1" minimal_quantity="1" available_date="0000-00-00"><location/></product_attribute>
	<product_attribute id="pa_5_Pocket_Jean_1_2" id_product="5_Pocket_Jean_1" reference="" supplier_reference="" ean13="" upc="" wholesale_price="0.000000" price="0.000000" ecotax="0.000000" quantity="100" weight="0" unit_price_impact="0.00" default_on="0" minimal_quantity="1" available_date="0000-00-00"><location/></product_attribute>
	<product_attribute id="pa_5_Pocket_Jean_1_3" id_product="5_Pocket_Jean_1" reference="" supplier_reference="" ean13="" upc="" wholesale_price="0.000000" price="0.000000" ecotax="0.000000" quantity="100" weight="0" unit_price_impact="0.00" default_on="0" minimal_quantity="1" available_date="0000-00-00"><location/></product_attribute>
	<product_attribute id="pa_5_Pocket_Jean_2_1" id_product="5_Pocket_Jean_2" reference="" supplier_reference="" ean13="" upc="" wholesale_price="0.000000" price="0.000000" ecotax="0.000000" quantity="100" weight="0" unit_price_impact="0.00" default_on="1" minimal_quantity="1" available_date="0000-00-00"><location/></product_attribute>
	<product_attribute id="pa_5_Pocket_Jean_2_2" id_product="5_Pocket_Jean_2" reference="" supplier_reference="" ean13="" upc="" wholesale_price="0.000000" price="0.000000" ecotax="0.000000" quantity="100" weight="0" unit_price_impact="0.00" default_on="0" minimal_quantity="1" available_date="0000-00-00"><location/></product_attribute>
	<product_attribute id="pa_5_Pocket_Jean_2_3" id_product="5_Pocket_Jean_2" reference="" supplier_reference="" ean13="" upc="" wholesale_price="0.000000" price="0.000000" ecotax="0.000000" quantity="100" weight="0" unit_price_impact="0.00" default_on="0" minimal_quantity="1" available_date="0000-00-00"><location/></product_attribute>
	<product_attribute id="pa_Dress_Gathered_At_The_Waist_1" id_product="Dress_Gathered_At_The_Waist" reference="" supplier_reference="" ean13="" upc="" wholesale_price="0.000000" price="0.000000" ecotax="0.000000" quantity="100" weight="0" unit_price_impact="0.00" default_on="1" minimal_quantity="1" available_date="0000-00-00"><location/></product_attribute>
	<product_attribute id="pa_Dress_Gathered_At_The_Waist_2" id_product="Dress_Gathered_At_The_Waist" reference="" supplier_reference="" ean13="" upc="" wholesale_price="0.000000" price="0.000000" ecotax="0.000000" quantity="100" weight="0" unit_price_impact="0.00" default_on="0" minimal_quantity="1" available_date="0000-00-00"><location/></product_attribute>
	<product_attribute id="pa_Dress_Gathered_At_The_Waist_3" id_product="Dress_Gathered_At_The_Waist" reference="" supplier_reference="" ean13="" upc="" wholesale_price="0.000000" price="0.000000" ecotax="0.000000" quantity="100" weight="0" unit_price_impact="0.00" default_on="0" minimal_quantity="1" available_date="0000-00-00"><location/></product_attribute>
	<product_attribute id="pa_Printed_Dress_1" id_product="Printed_Dress" reference="" supplier_reference="" ean13="" upc="" wholesale_price="0.000000" price="0.000000" ecotax="0.000000" quantity="100" weight="0" unit_price_impact="0.00" default_on="1" minimal_quantity="1" available_date="0000-00-00"><location/></product_attribute>
	<product_attribute id="pa_Printed_Dress_2" id_product="Printed_Dress" reference="" supplier_reference="" ean13="" upc="" wholesale_price="0.000000" price="0.000000" ecotax="0.000000" quantity="100" weight="0" unit_price_impact="0.00" default_on="0" minimal_quantity="1" available_date="0000-00-00"><location/></product_attribute>
	<product_attribute id="pa_Printed_Dress_3" id_product="Printed_Dress" reference="" supplier_reference="" ean13="" upc="" wholesale_price="0.000000" price="0.000000" ecotax="0.000000" quantity="100" weight="0" unit_price_impact="0.00" default_on="0" minimal_quantity="1" available_date="0000-00-00"><location/></product_attribute>
	<product_attribute id="pa_Floral_Dress_1" id_product="Floral_Dress" reference="" supplier_reference="" ean13="" upc="" wholesale_price="0.000000" price="0.000000" ecotax="0.000000" quantity="100" weight="0" unit_price_impact="0.00" default_on="1" minimal_quantity="1" available_date="0000-00-00"><location/></product_attribute>
	<product_attribute id="pa_Floral_Dress_2" id_product="Floral_Dress" reference="" supplier_reference="" ean13="" upc="" wholesale_price="0.000000" price="0.000000" ecotax="0.000000" quantity="100" weight="0" unit_price_impact="0.00" default_on="0" minimal_quantity="1" available_date="0000-00-00"><location/></product_attribute>
	<product_attribute id="pa_Floral_Dress_3" id_product="Floral_Dress" reference="" supplier_reference="" ean13="" upc="" wholesale_price="0.000000" price="0.000000" ecotax="0.000000" quantity="100" weight="0" unit_price_impact="0.00" default_on="0" minimal_quantity="1" available_date="0000-00-00"><location/></product_attribute>
	<product_attribute id="pa_Strapless_Dress_1_1" id_product="Strapless_Dress_1" reference="" supplier_reference="" ean13="" upc="" wholesale_price="0.000000" price="0.000000" ecotax="0.000000" quantity="100" weight="0" unit_price_impact="0.00" default_on="1" minimal_quantity="1" available_date="0000-00-00"><location/></product_attribute>
	<product_attribute id="pa_Strapless_Dress_1_2" id_product="Strapless_Dress_1" reference="" supplier_reference="" ean13="" upc="" wholesale_price="0.000000" price="0.000000" ecotax="0.000000" quantity="100" weight="0" unit_price_impact="0.00" default_on="0" minimal_quantity="1" available_date="0000-00-00"><location/></product_attribute>
	<product_attribute id="pa_Strapless_Dress_1_3" id_product="Strapless_Dress_1" reference="" supplier_reference="" ean13="" upc="" wholesale_price="0.000000" price="0.000000" ecotax="0.000000" quantity="100" weight="0" unit_price_impact="0.00" default_on="0" minimal_quantity="1" available_date="0000-00-00"><location/></product_attribute>
	<product_attribute id="pa_Long_Evening_Dress_1" id_product="Long_Evening_Dress" reference="" supplier_reference="" ean13="" upc="" wholesale_price="0.000000" price="0.000000" ecotax="0.000000" quantity="100" weight="0" unit_price_impact="0.00" default_on="1" minimal_quantity="1" available_date="0000-00-00"><location/></product_attribute>
	<product_attribute id="pa_Long_Evening_Dress_2" id_product="Long_Evening_Dress" reference="" supplier_reference="" ean13="" upc="" wholesale_price="0.000000" price="0.000000" ecotax="0.000000" quantity="100" weight="0" unit_price_impact="0.00" default_on="0" minimal_quantity="1" available_date="0000-00-00"><location/></product_attribute>
	<product_attribute id="pa_Long_Evening_Dress_3" id_product="Long_Evening_Dress" reference="" supplier_reference="" ean13="" upc="" wholesale_price="0.000000" price="0.000000" ecotax="0.000000" quantity="100" weight="0" unit_price_impact="0.00" default_on="0" minimal_quantity="1" available_date="0000-00-00"><location/></product_attribute>
	<product_attribute id="pa_Short_Evening_Dress_1" id_product="Short_Evening_Dress" reference="" supplier_reference="" ean13="" upc="" wholesale_price="0.000000" price="0.000000" ecotax="0.000000" quantity="100" weight="0" unit_price_impact="0.00" default_on="1" minimal_quantity="1" available_date="0000-00-00"><location/></product_attribute>
	<product_attribute id="pa_Short_Evening_Dress_2" id_product="Short_Evening_Dress" reference="" supplier_reference="" ean13="" upc="" wholesale_price="0.000000" price="0.000000" ecotax="0.000000" quantity="100" weight="0" unit_price_impact="0.00" default_on="0" minimal_quantity="1" available_date="0000-00-00"><location/></product_attribute>
	<product_attribute id="pa_Short_Evening_Dress_3" id_product="Short_Evening_Dress" reference="" supplier_reference="" ean13="" upc="" wholesale_price="0.000000" price="0.000000" ecotax="0.000000" quantity="100" weight="0" unit_price_impact="0.00" default_on="0" minimal_quantity="1" available_date="0000-00-00"><location/></product_attribute>
	<product_attribute id="pa_Strapless_Dress_2_1" id_product="Strapless_Dress_2" reference="" supplier_reference="" ean13="" upc="" wholesale_price="0.000000" price="0.000000" ecotax="0.000000" quantity="100" weight="0" unit_price_impact="0.00" default_on="1" minimal_quantity="1" available_date="0000-00-00"><location/></product_attribute>
	<product_attribute id="pa_Strapless_Dress_2_2" id_product="Strapless_Dress_2" reference="" supplier_reference="" ean13="" upc="" wholesale_price="0.000000" price="0.000000" ecotax="0.000000" quantity="100" weight="0" unit_price_impact="0.00" default_on="0" minimal_quantity="1" available_date="0000-00-00"><location/></product_attribute>
	<product_attribute id="pa_Strapless_Dress_2_3" id_product="Strapless_Dress_2" reference="" supplier_reference="" ean13="" upc="" wholesale_price="0.000000" price="0.000000" ecotax="0.000000" quantity="100" weight="0" unit_price_impact="0.00" default_on="0" minimal_quantity="1" available_date="0000-00-00"><location/></product_attribute>
	<product_attribute id="pa_Dress_with_Sleeves_1" id_product="Dress_with_Sleeves" reference="" supplier_reference="" ean13="" upc="" wholesale_price="0.000000" price="0.000000" ecotax="0.000000" quantity="100" weight="0" unit_price_impact="0.00" default_on="1" minimal_quantity="1" available_date="0000-00-00"><location/></product_attribute>
	<product_attribute id="pa_Dress_with_Sleeves_2" id_product="Dress_with_Sleeves" reference="" supplier_reference="" ean13="" upc="" wholesale_price="0.000000" price="0.000000" ecotax="0.000000" quantity="100" weight="0" unit_price_impact="0.00" default_on="0" minimal_quantity="1" available_date="0000-00-00"><location/></product_attribute>
	<product_attribute id="pa_Dress_with_Sleeves_3" id_product="Dress_with_Sleeves" reference="" supplier_reference="" ean13="" upc="" wholesale_price="0.000000" price="0.000000" ecotax="0.000000" quantity="100" weight="0" unit_price_impact="0.00" default_on="0" minimal_quantity="1" available_date="0000-00-00"><location/></product_attribute>
	<product_attribute id="pa_Printed_Dress_2_1" id_product="Printed_Dress_2" reference="" supplier_reference="" ean13="" upc="" wholesale_price="0.000000" price="0.000000" ecotax="0.000000" quantity="100" weight="0" unit_price_impact="0.00" default_on="1" minimal_quantity="1" available_date="0000-00-00"><location/></product_attribute>
	<product_attribute id="pa_Printed_Dress_2_2" id_product="Printed_Dress_2" reference="" supplier_reference="" ean13="" upc="" wholesale_price="0.000000" price="0.000000" ecotax="0.000000" quantity="100" weight="0" unit_price_impact="0.00" default_on="0" minimal_quantity="1" available_date="0000-00-00"><location/></product_attribute>
	<product_attribute id="pa_Printed_Dress_2_3" id_product="Printed_Dress_2" reference="" supplier_reference="" ean13="" upc="" wholesale_price="0.000000" price="0.000000" ecotax="0.000000" quantity="100" weight="0" unit_price_impact="0.00" default_on="0" minimal_quantity="1" available_date="0000-00-00"><location/></product_attribute>
	<product_attribute id="pa_Printed_Summer_Dress_1_1" id_product="Printed_Summer_Dress_1" reference="" supplier_reference="" ean13="" upc="" wholesale_price="0.000000" price="0.000000" ecotax="0.000000" quantity="100" weight="0" unit_price_impact="0.00" default_on="1" minimal_quantity="1" available_date="0000-00-00"><location/></product_attribute>
	<product_attribute id="pa_Printed_Summer_Dress_1_2" id_product="Printed_Summer_Dress_1" reference="" supplier_reference="" ean13="" upc="" wholesale_price="0.000000" price="0.000000" ecotax="0.000000" quantity="100" weight="0" unit_price_impact="0.00" default_on="0" minimal_quantity="1" available_date="0000-00-00"><location/></product_attribute>
	<product_attribute id="pa_Printed_Summer_Dress_1_3" id_product="Printed_Summer_Dress_1" reference="" supplier_reference="" ean13="" upc="" wholesale_price="0.000000" price="0.000000" ecotax="0.000000" quantity="100" weight="0" unit_price_impact="0.00" default_on="0" minimal_quantity="1" available_date="0000-00-00"><location/></product_attribute>
	<product_attribute id="pa_Printed_Summer_Dress_1_4" id_product="Printed_Summer_Dress_1" reference="" supplier_reference="" ean13="" upc="" wholesale_price="0.000000" price="0.000000" ecotax="0.000000" quantity="100" weight="0" unit_price_impact="0.00" default_on="0" minimal_quantity="1" available_date="0000-00-00"><location/></product_attribute>
	<product_attribute id="pa_Printed_Summer_Dress_1_5" id_product="Printed_Summer_Dress_1" reference="" supplier_reference="" ean13="" upc="" wholesale_price="0.000000" price="0.000000" ecotax="0.000000" quantity="100" weight="0" unit_price_impact="0.00" default_on="0" minimal_quantity="1" available_date="0000-00-00"><location/></product_attribute>
	<product_attribute id="pa_Printed_Summer_Dress_1_6" id_product="Printed_Summer_Dress_1" reference="" supplier_reference="" ean13="" upc="" wholesale_price="0.000000" price="0.000000" ecotax="0.000000" quantity="100" weight="0" unit_price_impact="0.00" default_on="0" minimal_quantity="1" available_date="0000-00-00"><location/></product_attribute>
	<product_attribute id="pa_Printed_Summer_Dress_1_7" id_product="Printed_Summer_Dress_1" reference="" supplier_reference="" ean13="" upc="" wholesale_price="0.000000" price="0.000000" ecotax="0.000000" quantity="100" weight="0" unit_price_impact="0.00" default_on="0" minimal_quantity="1" available_date="0000-00-00"><location/></product_attribute>
	<product_attribute id="pa_Printed_Summer_Dress_1_8" id_product="Printed_Summer_Dress_1" reference="" supplier_reference="" ean13="" upc="" wholesale_price="0.000000" price="0.000000" ecotax="0.000000" quantity="100" weight="0" unit_price_impact="0.00" default_on="0" minimal_quantity="1" available_date="0000-00-00"><location/></product_attribute>
	<product_attribute id="pa_Printed_Summer_Dress_1_9" id_product="Printed_Summer_Dress_1" reference="" supplier_reference="" ean13="" upc="" wholesale_price="0.000000" price="0.000000" ecotax="0.000000" quantity="100" weight="0" unit_price_impact="0.00" default_on="0" minimal_quantity="1" available_date="0000-00-00"><location/></product_attribute>
	<product_attribute id="pa_Printed_Summer_Dress_1_10" id_product="Printed_Summer_Dress_1" reference="" supplier_reference="" ean13="" upc="" wholesale_price="0.000000" price="0.000000" ecotax="0.000000" quantity="100" weight="0" unit_price_impact="0.00" default_on="0" minimal_quantity="1" available_date="0000-00-00"><location/></product_attribute>
	<product_attribute id="pa_Printed_Summer_Dress_1_11" id_product="Printed_Summer_Dress_1" reference="" supplier_reference="" ean13="" upc="" wholesale_price="0.000000" price="0.000000" ecotax="0.000000" quantity="100" weight="0" unit_price_impact="0.00" default_on="0" minimal_quantity="1" available_date="0000-00-00"><location/></product_attribute>
	<product_attribute id="pa_Printed_Summer_Dress_1_12" id_product="Printed_Summer_Dress_1" reference="" supplier_reference="" ean13="" upc="" wholesale_price="0.000000" price="0.000000" ecotax="0.000000" quantity="100" weight="0" unit_price_impact="0.00" default_on="0" minimal_quantity="1" available_date="0000-00-00"><location/></product_attribute>
	<product_attribute id="pa_Long_Printed_Dress_1" id_product="Long_Printed_Dress" reference="" supplier_reference="" ean13="" upc="" wholesale_price="0.000000" price="0.000000" ecotax="0.000000" quantity="100" weight="0" unit_price_impact="0.00" default_on="1" minimal_quantity="1" available_date="0000-00-00"><location/></product_attribute>
	<product_attribute id="pa_Long_Printed_Dress_2" id_product="Long_Printed_Dress" reference="" supplier_reference="" ean13="" upc="" wholesale_price="0.000000" price="0.000000" ecotax="0.000000" quantity="100" weight="0" unit_price_impact="0.00" default_on="0" minimal_quantity="1" available_date="0000-00-00"><location/></product_attribute>
	<product_attribute id="pa_Long_Printed_Dress_3" id_product="Long_Printed_Dress" reference="" supplier_reference="" ean13="" upc="" wholesale_price="0.000000" price="0.000000" ecotax="0.000000" quantity="100" weight="0" unit_price_impact="0.00" default_on="0" minimal_quantity="1" available_date="0000-00-00"><location/></product_attribute>
	<product_attribute id="pa_Printed_Summer_Dress_2_1" id_product="Printed_Summer_Dress_2" reference="" supplier_reference="" ean13="" upc="" wholesale_price="0.000000" price="0.000000" ecotax="0.000000" quantity="100" weight="0" unit_price_impact="0.00" default_on="1" minimal_quantity="1" available_date="0000-00-00"><location/></product_attribute>
	<product_attribute id="pa_Printed_Summer_Dress_2_2" id_product="Printed_Summer_Dress_2" reference="" supplier_reference="" ean13="" upc="" wholesale_price="0.000000" price="0.000000" ecotax="0.000000" quantity="100" weight="0" unit_price_impact="0.00" default_on="0" minimal_quantity="1" available_date="0000-00-00"><location/></product_attribute>
	<product_attribute id="pa_Printed_Summer_Dress_2_3" id_product="Printed_Summer_Dress_2" reference="" supplier_reference="" ean13="" upc="" wholesale_price="0.000000" price="0.000000" ecotax="0.000000" quantity="100" weight="0" unit_price_impact="0.00" default_on="0" minimal_quantity="1" available_date="0000-00-00"><location/></product_attribute>
	<product_attribute id="pa_Printed_Chiffon_Dress_1" id_product="Printed_Chiffon_Dress" reference="" supplier_reference="" ean13="" upc="" wholesale_price="0.000000" price="0.000000" ecotax="0.000000" quantity="100" weight="0" unit_price_impact="0.00" default_on="1" minimal_quantity="1" available_date="0000-00-00"><location/></product_attribute>
	<product_attribute id="pa_Printed_Chiffon_Dress_2" id_product="Printed_Chiffon_Dress" reference="" supplier_reference="" ean13="" upc="" wholesale_price="0.000000" price="0.000000" ecotax="0.000000" quantity="100" weight="0" unit_price_impact="0.00" default_on="0" minimal_quantity="1" available_date="0000-00-00"><location/></product_attribute>
	<product_attribute id="pa_Printed_Chiffon_Dress_3" id_product="Printed_Chiffon_Dress" reference="" supplier_reference="" ean13="" upc="" wholesale_price="0.000000" price="0.000000" ecotax="0.000000" quantity="100" weight="0" unit_price_impact="0.00" default_on="0" minimal_quantity="1" available_date="0000-00-00"><location/></product_attribute>
	<product_attribute id="pa_Studded_Leather_Belt_1" id_product="Studded_Leather_Belt" reference="" supplier_reference="" ean13="" upc="" wholesale_price="0.000000" price="0.000000" ecotax="0.000000" quantity="100" weight="0" unit_price_impact="0.00" default_on="1" minimal_quantity="1" available_date="0000-00-00"><location/></product_attribute>
	<product_attribute id="pa_Studded_Leather_Belt_2" id_product="Studded_Leather_Belt" reference="" supplier_reference="" ean13="" upc="" wholesale_price="0.000000" price="0.000000" ecotax="0.000000" quantity="100" weight="0" unit_price_impact="0.00" default_on="0" minimal_quantity="1" available_date="0000-00-00"><location/></product_attribute>
	<product_attribute id="pa_Studded_Leather_Belt_3" id_product="Studded_Leather_Belt" reference="" supplier_reference="" ean13="" upc="" wholesale_price="0.000000" price="0.000000" ecotax="0.000000" quantity="100" weight="0" unit_price_impact="0.00" default_on="0" minimal_quantity="1" available_date="0000-00-00"><location/></product_attribute>
	<product_attribute id="pa_Braided_Belt_1" id_product="Braided_Belt" reference="" supplier_reference="" ean13="" upc="" wholesale_price="0.000000" price="0.000000" ecotax="0.000000" quantity="100" weight="0" unit_price_impact="0.00" default_on="1" minimal_quantity="1" available_date="0000-00-00"><location/></product_attribute>
	<product_attribute id="pa_Braided_Belt_2" id_product="Braided_Belt" reference="" supplier_reference="" ean13="" upc="" wholesale_price="0.000000" price="0.000000" ecotax="0.000000" quantity="100" weight="0" unit_price_impact="0.00" default_on="0" minimal_quantity="1" available_date="0000-00-00"><location/></product_attribute>
	<product_attribute id="pa_Braided_Belt_3" id_product="Braided_Belt" reference="" supplier_reference="" ean13="" upc="" wholesale_price="0.000000" price="0.000000" ecotax="0.000000" quantity="100" weight="0" unit_price_impact="0.00" default_on="0" minimal_quantity="1" available_date="0000-00-00"><location/></product_attribute>
	<product_attribute id="pa_Bucket_Hat_1" id_product="Bucket_Hat" reference="" supplier_reference="" ean13="" upc="" wholesale_price="0.000000" price="0.000000" ecotax="0.000000" quantity="100" weight="0" unit_price_impact="0.00" default_on="1" minimal_quantity="1" available_date="0000-00-00"><location/></product_attribute>
	<product_attribute id="pa_Floppy_Hat_1" id_product="Floppy_Hat" reference="" supplier_reference="" ean13="" upc="" wholesale_price="0.000000" price="0.000000" ecotax="0.000000" quantity="100" weight="0" unit_price_impact="0.00" default_on="1" minimal_quantity="1" available_date="0000-00-00"><location/></product_attribute>
	<product_attribute id="pa_Men_Straw_Hat_1" id_product="Men_Straw_Hat" reference="" supplier_reference="" ean13="" upc="" wholesale_price="0.000000" price="0.000000" ecotax="0.000000" quantity="100" weight="0" unit_price_impact="0.00" default_on="1" minimal_quantity="1" available_date="0000-00-00"><location/></product_attribute>
	<product_attribute id="pa_Bowling_Bag_1" id_product="Bowling_Bag" reference="" supplier_reference="" ean13="" upc="" wholesale_price="0.000000" price="0.000000" ecotax="0.000000" quantity="100" weight="0" unit_price_impact="0.00" default_on="1" minimal_quantity="1" available_date="0000-00-00"><location/></product_attribute>
	<product_attribute id="pa_Leather_Bag_1" id_product="Leather_Bag" reference="" supplier_reference="" ean13="" upc="" wholesale_price="0.000000" price="0.000000" ecotax="0.000000" quantity="100" weight="0" unit_price_impact="0.00" default_on="1" minimal_quantity="1" available_date="0000-00-00"><location/></product_attribute>
	<product_attribute id="pa_Snake_Skin_Bag_1" id_product="Snake_Skin_Bag" reference="" supplier_reference="" ean13="" upc="" wholesale_price="0.000000" price="0.000000" ecotax="0.000000" quantity="100" weight="0" unit_price_impact="0.00" default_on="1" minimal_quantity="1" available_date="0000-00-00"><location/></product_attribute>
	<product_attribute id="pa_Quilted_Bag_1" id_product="Quilted_Bag" reference="" supplier_reference="" ean13="" upc="" wholesale_price="0.000000" price="0.000000" ecotax="0.000000" quantity="100" weight="0" unit_price_impact="0.00" default_on="1" minimal_quantity="1" available_date="0000-00-00"><location/></product_attribute>
	<product_attribute id="pa_Suede_Bag_1" id_product="Suede_Bag" reference="" supplier_reference="" ean13="" upc="" wholesale_price="0.000000" price="0.000000" ecotax="0.000000" quantity="100" weight="0" unit_price_impact="0.00" default_on="1" minimal_quantity="1" available_date="0000-00-00"><location/></product_attribute>
	<product_attribute id="pa_Wedge_Shoe_1" id_product="Wedge_Shoe" reference="" supplier_reference="" ean13="" upc="" wholesale_price="0.000000" price="0.000000" ecotax="0.000000" quantity="100" weight="0" unit_price_impact="0.00" default_on="1" minimal_quantity="1" available_date="0000-00-00"><location/></product_attribute>
	<product_attribute id="pa_Wedge_Shoe_2" id_product="Wedge_Shoe" reference="" supplier_reference="" ean13="" upc="" wholesale_price="0.000000" price="0.000000" ecotax="0.000000" quantity="100" weight="0" unit_price_impact="0.00" default_on="0" minimal_quantity="1" available_date="0000-00-00"><location/></product_attribute>
	<product_attribute id="pa_Wedge_Shoe_3" id_product="Wedge_Shoe" reference="" supplier_reference="" ean13="" upc="" wholesale_price="0.000000" price="0.000000" ecotax="0.000000" quantity="100" weight="0" unit_price_impact="0.00" default_on="0" minimal_quantity="1" available_date="0000-00-00"><location/></product_attribute>
	<product_attribute id="pa_Wedge_Shoe_4" id_product="Wedge_Shoe" reference="" supplier_reference="" ean13="" upc="" wholesale_price="0.000000" price="0.000000" ecotax="0.000000" quantity="100" weight="0" unit_price_impact="0.00" default_on="0" minimal_quantity="1" available_date="0000-00-00"><location/></product_attribute>
	<product_attribute id="pa_Wedge_Shoe_5" id_product="Wedge_Shoe" reference="" supplier_reference="" ean13="" upc="" wholesale_price="0.000000" price="0.000000" ecotax="0.000000" quantity="100" weight="0" unit_price_impact="0.00" default_on="0" minimal_quantity="1" available_date="0000-00-00"><location/></product_attribute>
	<product_attribute id="pa_Wedge_Shoe_6" id_product="Wedge_Shoe" reference="" supplier_reference="" ean13="" upc="" wholesale_price="0.000000" price="0.000000" ecotax="0.000000" quantity="100" weight="0" unit_price_impact="0.00" default_on="0" minimal_quantity="1" available_date="0000-00-00"><location/></product_attribute>
 </entities>
</entity_product_attribute>
