﻿<?xml version="1.0" encoding="UTF-8"?>
<entity_product>
  <fields id="name" class="Product">
    <field name="id_supplier" relation="supplier"/>
    <field name="id_manufacturer" relation="manufacturer"/>
    <field name="id_category_default" relation="category"/>
    <field name="on_sale"/>
    <field name="online_only"/>
    <field name="ean13"/>
    <field name="upc"/>
    <field name="ecotax"/>
    <field name="quantity"/>
    <field name="minimal_quantity"/>
    <field name="price"/>
    <field name="wholesale_price"/>
    <field name="unity"/>
    <field name="unit_price_ratio"/>
    <field name="additional_shipping_cost"/>
    <field name="reference"/>
    <field name="supplier_reference"/>
    <field name="location"/>
    <field name="width"/>
    <field name="height"/>
    <field name="depth"/>
    <field name="weight"/>
    <field name="out_of_stock"/>
    <field name="quantity_discount"/>
    <field name="customizable"/>
    <field name="uploadable_files"/>
    <field name="text_fields"/>
    <field name="active"/>
    <field name="redirect_type"/>
    <field name="id_product_redirected"/>
    <field name="available_for_order"/>
    <field name="available_date"/>
    <field name="condition"/>
    <field name="show_price"/>
    <field name="indexed"/>
    <field name="cache_is_pack"/>
    <field name="cache_has_attachments"/>
    <field name="is_virtual"/>
    <field name="cache_default_attribute"/>
    <field name="advanced_stock_management"/>
  </fields>
  <entities>
    <product id="Fur_Coat" id_supplier="Fashion_Supplier" id_manufacturer="Fashion_Manufacturer" id_category_default="Coats" on_sale="0" online_only="0" ean13="0" upc="" ecotax="0.000000" quantity="0" minimal_quantity="1" price="179.999789" wholesale_price="53.999937" unit_price_ratio="0.000000" additional_shipping_cost="0.00" reference="demo_1" supplier_reference="" width="0" height="0" depth="0" weight="0.5" out_of_stock="2" quantity_discount="0" customizable="0" uploadable_files="0" text_fields="0" active="1" redirect_type="" id_product_redirected="0" available_for_order="1" available_date="0000-00-00" condition="new" show_price="1" indexed="0" cache_is_pack="0" cache_has_attachments="0" is_virtual="0" cache_default_attribute="0" advanced_stock_management="0">
      <unity/>
      <location/>
    </product>
    <product id="Textured_Trench_Coat" id_supplier="Fashion_Supplier" id_manufacturer="Fashion_Manufacturer" id_category_default="Coats" on_sale="0" online_only="0" ean13="0" upc="" ecotax="0.000000" quantity="0" minimal_quantity="1" price="190.993458" wholesale_price="57.298037" unit_price_ratio="0.000000" additional_shipping_cost="0.00" reference="demo_2" supplier_reference="" width="0" height="0" depth="0" weight="0" out_of_stock="2" quantity_discount="0" customizable="0" uploadable_files="0" text_fields="0" active="1" redirect_type="" id_product_redirected="0" available_for_order="1" available_date="0000-00-00" condition="new" show_price="1" indexed="0" cache_is_pack="0" cache_has_attachments="0" is_virtual="0" cache_default_attribute="0" advanced_stock_management="0">
      <unity/>
      <location/>
    </product>
	<product id="Slim_Cut_Coat" id_category_default="Coats" reference="demo_3"  id_supplier="Fashion_Supplier" id_manufacturer="Fashion_Manufacturer" on_sale="0" online_only="0" ean13="0" upc="" ecotax="0.000000" quantity="0" minimal_quantity="1" price="155.508963" wholesale_price="46.652689" unit_price_ratio="0.000000" additional_shipping_cost="0.00" supplier_reference="" width="0" height="0" depth="0" weight="0" out_of_stock="2" quantity_discount="0" customizable="0" uploadable_files="0" text_fields="0" active="1" redirect_type="" id_product_redirected="0" available_for_order="1" available_date="0000-00-00" condition="new" show_price="1" indexed="0" cache_is_pack="0" cache_has_attachments="0" is_virtual="0" cache_default_attribute="0" advanced_stock_management="0">
      <unity/>
      <location/>
    </product>
	<product id="Quilted_Jacket" id_category_default="Jackets" reference="demo_4"  id_supplier="Fashion_Supplier" id_manufacturer="Fashion_Manufacturer" on_sale="0" online_only="0" ean13="0" upc="" ecotax="0.000000" quantity="0" minimal_quantity="1" price="90.507852" wholesale_price="27.152356" unit_price_ratio="0.000000" additional_shipping_cost="0.00" supplier_reference="" width="0" height="0" depth="0" weight="0" out_of_stock="2" quantity_discount="0" customizable="0" uploadable_files="0" text_fields="0" active="1" redirect_type="" id_product_redirected="0" available_for_order="1" available_date="0000-00-00" condition="new" show_price="1" indexed="0" cache_is_pack="0" cache_has_attachments="0" is_virtual="0" cache_default_attribute="0" advanced_stock_management="0">
      <unity/>
      <location/>
    </product>
	<product id="Suit_Blazer" id_category_default="Blazers" reference="demo_5"  id_supplier="Fashion_Supplier" id_manufacturer="Fashion_Manufacturer" on_sale="0" online_only="0" ean13="0" upc="" ecotax="0.000000" quantity="0" minimal_quantity="1" price="65.508456" wholesale_price="19.652537" unit_price_ratio="0.000000" additional_shipping_cost="0.00" supplier_reference="" width="0" height="0" depth="0" weight="0" out_of_stock="2" quantity_discount="0" customizable="0" uploadable_files="0" text_fields="0" active="1" redirect_type="" id_product_redirected="0" available_for_order="1" available_date="0000-00-00" condition="new" show_price="1" indexed="0" cache_is_pack="0" cache_has_attachments="0" is_virtual="0" cache_default_attribute="0" advanced_stock_management="0">
      <unity/>
      <location/>
    </product>
	<product id="Short_Blazer" id_category_default="Blazers" reference="demo_6"  id_supplier="Fashion_Supplier" id_manufacturer="Fashion_Manufacturer" on_sale="0" online_only="0" ean13="0" upc="" ecotax="0.000000" quantity="0" minimal_quantity="1" price="50.991753" wholesale_price="15.297526" unit_price_ratio="0.000000" additional_shipping_cost="0.00" supplier_reference="" width="0" height="0" depth="0" weight="0" out_of_stock="2" quantity_discount="0" customizable="0" uploadable_files="0" text_fields="0" active="1" redirect_type="" id_product_redirected="0" available_for_order="1" available_date="0000-00-00" condition="new" show_price="1" indexed="0" cache_is_pack="0" cache_has_attachments="0" is_virtual="0" cache_default_attribute="0" advanced_stock_management="0">
      <unity/>
      <location/>
    </product>
	<product id="Puffer_Jacket" id_category_default="Puffer_Jackets" reference="demo_7"  id_supplier="Fashion_Supplier" id_manufacturer="Fashion_Manufacturer" on_sale="0" online_only="0" ean13="0" upc="" ecotax="0.000000" quantity="0" minimal_quantity="1" price="85.998963" wholesale_price="25.799689" unit_price_ratio="0.000000" additional_shipping_cost="0.00" supplier_reference="" width="0" height="0" depth="0" weight="0" out_of_stock="2" quantity_discount="0" customizable="0" uploadable_files="0" text_fields="0" active="1" redirect_type="" id_product_redirected="0" available_for_order="1" available_date="0000-00-00" condition="new" show_price="1" indexed="0" cache_is_pack="0" cache_has_attachments="0" is_virtual="0" cache_default_attribute="0" advanced_stock_management="0">
      <unity/>
      <location/>
    </product>
	<product id="Leather_Jacket_1" id_category_default="Leather_Jackets" reference="demo_8"  id_supplier="Fashion_Supplier" id_manufacturer="Fashion_Manufacturer" on_sale="0" online_only="0" ean13="0" upc="" ecotax="0.000000" quantity="0" minimal_quantity="1" price="68.993654" wholesale_price="20.698096" unit_price_ratio="0.000000" additional_shipping_cost="0.00" supplier_reference="" width="0" height="0" depth="0" weight="0" out_of_stock="2" quantity_discount="0" customizable="0" uploadable_files="0" text_fields="0" active="1" redirect_type="" id_product_redirected="0" available_for_order="1" available_date="0000-00-00" condition="new" show_price="1" indexed="0" cache_is_pack="0" cache_has_attachments="0" is_virtual="0" cache_default_attribute="0" advanced_stock_management="0">
      <unity/>
      <location/>
    </product>
	<product id="Leather_Jacket_2" id_category_default="Leather_Jackets" reference="demo_9"  id_supplier="Fashion_Supplier" id_manufacturer="Fashion_Manufacturer" on_sale="0" online_only="0" ean13="0" upc="" ecotax="0.000000" quantity="0" minimal_quantity="1" price="60.502147" wholesale_price="18.150644" unit_price_ratio="0.000000" additional_shipping_cost="0.00" supplier_reference="" width="0" height="0" depth="0" weight="0" out_of_stock="2" quantity_discount="0" customizable="0" uploadable_files="0" text_fields="0" active="1" redirect_type="" id_product_redirected="0" available_for_order="1" available_date="0000-00-00" condition="new" show_price="1" indexed="0" cache_is_pack="0" cache_has_attachments="0" is_virtual="0" cache_default_attribute="0" advanced_stock_management="0">
      <unity/>
      <location/>
    </product>
	<product id="Leather_Jacket_3" id_category_default="Leather_Jackets" reference="demo_10"  id_supplier="Fashion_Supplier" id_manufacturer="Fashion_Manufacturer" on_sale="0" online_only="0" ean13="0" upc="" ecotax="0.000000" quantity="0" minimal_quantity="1" price="80.501258" wholesale_price="24.150377" unit_price_ratio="0.000000" additional_shipping_cost="0.00" supplier_reference="" width="0" height="0" depth="0" weight="0" out_of_stock="2" quantity_discount="0" customizable="0" uploadable_files="0" text_fields="0" active="1" redirect_type="" id_product_redirected="0" available_for_order="1" available_date="0000-00-00" condition="new" show_price="1" indexed="0" cache_is_pack="0" cache_has_attachments="0" is_virtual="0" cache_default_attribute="0" advanced_stock_management="0">
      <unity/>
      <location/>
    </product>
	<product id="Short_Sleeve_T-shirts" id_category_default="T-shirts" reference="demo_11"  id_supplier="Fashion_Supplier" id_manufacturer="Fashion_Manufacturer" on_sale="0" online_only="0" ean13="0" upc="" ecotax="0.000000" quantity="0" minimal_quantity="1" price="22.505987" wholesale_price="6.751796" unit_price_ratio="0.000000" additional_shipping_cost="0.00" supplier_reference="" width="0" height="0" depth="0" weight="0" out_of_stock="2" quantity_discount="0" customizable="0" uploadable_files="0" text_fields="0" active="1" redirect_type="" id_product_redirected="0" available_for_order="1" available_date="0000-00-00" condition="new" show_price="1" indexed="0" cache_is_pack="0" cache_has_attachments="0" is_virtual="0" cache_default_attribute="0" advanced_stock_management="0">
      <unity/>
      <location/>
    </product>
	<product id="Faded_Short_Sleeve_T-shirts" id_category_default="T-shirts" reference="demo_12"  id_supplier="Fashion_Supplier" id_manufacturer="Fashion_Manufacturer" on_sale="0" online_only="0" ean13="0" upc="" ecotax="0.000000" quantity="0" minimal_quantity="1" price="16.509874" wholesale_price="4.952962" unit_price_ratio="0.000000" additional_shipping_cost="0.00" supplier_reference="" width="0" height="0" depth="0" weight="0" out_of_stock="2" quantity_discount="0" customizable="0" uploadable_files="0" text_fields="0" active="1" redirect_type="" id_product_redirected="0" available_for_order="1" available_date="0000-00-00" condition="new" show_price="1" indexed="0" cache_is_pack="0" cache_has_attachments="0" is_virtual="0" cache_default_attribute="0" advanced_stock_management="0">
      <unity/>
      <location/>
    </product>
	<product id="Cami_Tank_Top" id_category_default="Tops_2" reference="demo_13"  id_supplier="Fashion_Supplier" id_manufacturer="Fashion_Manufacturer" on_sale="0" online_only="0" ean13="0" upc="" ecotax="0.000000" quantity="0" minimal_quantity="1" price="20.996547" wholesale_price="6.298964" unit_price_ratio="0.000000" additional_shipping_cost="0.00" supplier_reference="" width="0" height="0" depth="0" weight="0" out_of_stock="2" quantity_discount="0" customizable="0" uploadable_files="0" text_fields="0" active="1" redirect_type="" id_product_redirected="0" available_for_order="1" available_date="0000-00-00" condition="new" show_price="1" indexed="0" cache_is_pack="0" cache_has_attachments="0" is_virtual="0" cache_default_attribute="0" advanced_stock_management="0">
      <unity/>
      <location/>
    </product>
	<product id="Blouse" id_category_default="Blouses" reference="demo_14"  id_supplier="Fashion_Supplier" id_manufacturer="Fashion_Manufacturer" on_sale="0" online_only="0" ean13="0" upc="" ecotax="0.000000" quantity="0" minimal_quantity="1" price="26.999852" wholesale_price="8.099956" unit_price_ratio="0.000000" additional_shipping_cost="0.00" supplier_reference="" width="0" height="0" depth="0" weight="0" out_of_stock="2" quantity_discount="0" customizable="0" uploadable_files="0" text_fields="0" active="1" redirect_type="" id_product_redirected="0" available_for_order="1" available_date="0000-00-00" condition="new" show_price="1" indexed="0" cache_is_pack="0" cache_has_attachments="0" is_virtual="0" cache_default_attribute="0" advanced_stock_management="0">
      <unity/>
      <location/>
    </product>
	<product id="Leapoard_Printed_Blouse" id_category_default="Blouses" reference="demo_15"  id_supplier="Fashion_Supplier" id_manufacturer="Fashion_Manufacturer" on_sale="0" online_only="0" ean13="0" upc="" ecotax="0.000000" quantity="0" minimal_quantity="1" price="30.993654" wholesale_price="9.298096" unit_price_ratio="0.000000" additional_shipping_cost="0.00" supplier_reference="" width="0" height="0" depth="0" weight="0" out_of_stock="2" quantity_discount="0" customizable="0" uploadable_files="0" text_fields="0" active="1" redirect_type="" id_product_redirected="0" available_for_order="1" available_date="0000-00-00" condition="new" show_price="1" indexed="0" cache_is_pack="0" cache_has_attachments="0" is_virtual="0" cache_default_attribute="0" advanced_stock_management="0">
      <unity/>
      <location/>
    </product>
	<product id="Faded_Jeans" id_category_default="Skinny_Cut" reference="demo_16"  id_supplier="Fashion_Supplier" id_manufacturer="Fashion_Manufacturer" on_sale="0" online_only="0" ean13="0" upc="" ecotax="0.000000" quantity="0" minimal_quantity="1" price="35.999654" wholesale_price="10.799896" unit_price_ratio="0.000000" additional_shipping_cost="0.00" supplier_reference="" width="0" height="0" depth="0" weight="0" out_of_stock="2" quantity_discount="0" customizable="0" uploadable_files="0" text_fields="0" active="1" redirect_type="" id_product_redirected="0" available_for_order="1" available_date="0000-00-00" condition="new" show_price="1" indexed="0" cache_is_pack="0" cache_has_attachments="0" is_virtual="0" cache_default_attribute="0" advanced_stock_management="0">
      <unity/>
      <location/>
    </product>
	<product id="5_Pocket_Jean_1" id_category_default="Straight_Cut" reference="demo_17"  id_supplier="Fashion_Supplier" id_manufacturer="Fashion_Manufacturer" on_sale="0" online_only="0" ean13="0" upc="" ecotax="0.000000" quantity="0" minimal_quantity="1" price="35.506574" wholesale_price="10.651972" unit_price_ratio="0.000000" additional_shipping_cost="0.00" supplier_reference="" width="0" height="0" depth="0" weight="0" out_of_stock="2" quantity_discount="0" customizable="0" uploadable_files="0" text_fields="0" active="1" redirect_type="" id_product_redirected="0" available_for_order="1" available_date="0000-00-00" condition="new" show_price="1" indexed="0" cache_is_pack="0" cache_has_attachments="0" is_virtual="0" cache_default_attribute="0" advanced_stock_management="0">
      <unity/>
      <location/>
    </product>
	<product id="5_Pocket_Jean_2" id_category_default="Straight_Cut" reference="demo_18"  id_supplier="Fashion_Supplier" id_manufacturer="Fashion_Manufacturer" on_sale="0" online_only="0" ean13="0" upc="" ecotax="0.000000" quantity="0" minimal_quantity="1" price="35.509852" wholesale_price="10.652956" unit_price_ratio="0.000000" additional_shipping_cost="0.00" supplier_reference="" width="0" height="0" depth="0" weight="0" out_of_stock="2" quantity_discount="0" customizable="0" uploadable_files="0" text_fields="0" active="1" redirect_type="" id_product_redirected="0" available_for_order="1" available_date="0000-00-00" condition="new" show_price="1" indexed="0" cache_is_pack="0" cache_has_attachments="0" is_virtual="0" cache_default_attribute="0" advanced_stock_management="0">
      <unity/>
      <location/>
    </product>
	<product id="Dress_Gathered_At_The_Waist" id_category_default="Casual_Dresses" reference="demo_19"  id_supplier="Fashion_Supplier" id_manufacturer="Fashion_Manufacturer" on_sale="0" online_only="0" ean13="0" upc="" ecotax="0.000000" quantity="0" minimal_quantity="1" price="45.991753" wholesale_price="13.797526" unit_price_ratio="0.000000" additional_shipping_cost="0.00" supplier_reference="" width="0" height="0" depth="0" weight="0" out_of_stock="2" quantity_discount="0" customizable="0" uploadable_files="0" text_fields="0" active="1" redirect_type="" id_product_redirected="0" available_for_order="1" available_date="0000-00-00" condition="new" show_price="1" indexed="0" cache_is_pack="0" cache_has_attachments="0" is_virtual="0" cache_default_attribute="0" advanced_stock_management="0">
      <unity/>
      <location/>
    </product>
	<product id="Printed_Dress" id_category_default="Casual_Dresses" reference="demo_20"  id_supplier="Fashion_Supplier" id_manufacturer="Fashion_Manufacturer" on_sale="0" online_only="0" ean13="0" upc="" ecotax="0.000000" quantity="0" minimal_quantity="1" price="25.999852" wholesale_price="7.799956" unit_price_ratio="0.000000" additional_shipping_cost="0.00" supplier_reference="" width="0" height="0" depth="0" weight="0" out_of_stock="2" quantity_discount="0" customizable="0" uploadable_files="0" text_fields="0" active="1" redirect_type="" id_product_redirected="0" available_for_order="1" available_date="0000-00-00" condition="new" show_price="1" indexed="0" cache_is_pack="0" cache_has_attachments="0" is_virtual="0" cache_default_attribute="0" advanced_stock_management="0">
      <unity/>
      <location/>
    </product>
	<product id="Floral_Dress" id_category_default="Casual_Dresses" reference="demo_21"  id_supplier="Fashion_Supplier" id_manufacturer="Fashion_Manufacturer" on_sale="0" online_only="0" ean13="0" upc="" ecotax="0.000000" quantity="0" minimal_quantity="1" price="30.503654" wholesale_price="9.151096" unit_price_ratio="0.000000" additional_shipping_cost="0.00" supplier_reference="" width="0" height="0" depth="0" weight="0" out_of_stock="2" quantity_discount="0" customizable="0" uploadable_files="0" text_fields="0" active="1" redirect_type="" id_product_redirected="0" available_for_order="1" available_date="0000-00-00" condition="new" show_price="1" indexed="0" cache_is_pack="0" cache_has_attachments="0" is_virtual="0" cache_default_attribute="0" advanced_stock_management="0">
      <unity/>
      <location/>
    </product>
	<!-- <product id="Wrap_Dress" id_category_default="Casual_Dresses" reference="demo_22"  id_supplier="Fashion_Supplier" id_manufacturer="Fashion_Manufacturer" on_sale="0" online_only="0" ean13="0" upc="" ecotax="0.000000" quantity="0" minimal_quantity="1" price="35.997852" wholesale_price="10.799356" unit_price_ratio="0.000000" additional_shipping_cost="0.00" supplier_reference="" width="0" height="0" depth="0" weight="0" out_of_stock="2" quantity_discount="0" customizable="0" uploadable_files="0" text_fields="0" active="1" redirect_type="" id_product_redirected="0" available_for_order="1" available_date="0000-00-00" condition="new" show_price="1" indexed="0" cache_is_pack="0" cache_has_attachments="0" is_virtual="0" cache_default_attribute="0" advanced_stock_management="0">
      <unity/>
      <location/>
    </product>
	<product id="Dress_With_Straps" id_category_default="Casual_Dresses" reference="demo_23"  id_supplier="Fashion_Supplier" id_manufacturer="Fashion_Manufacturer" on_sale="0" online_only="0" ean13="0" upc="" ecotax="0.000000" quantity="0" minimal_quantity="1" price="30.992147" wholesale_price="9.297644" unit_price_ratio="0.000000" additional_shipping_cost="0.00" supplier_reference="" width="0" height="0" depth="0" weight="0" out_of_stock="2" quantity_discount="0" customizable="0" uploadable_files="0" text_fields="0" active="1" redirect_type="" id_product_redirected="0" available_for_order="1" available_date="0000-00-00" condition="new" show_price="1" indexed="0" cache_is_pack="0" cache_has_attachments="0" is_virtual="0" cache_default_attribute="0" advanced_stock_management="0">
      <unity/>
      <location/>
    </product> -->
	<product id="Strapless_Dress_1" id_category_default="Evening_Dresses" reference="demo_24"  id_supplier="Fashion_Supplier" id_manufacturer="Fashion_Manufacturer" on_sale="0" online_only="0" ean13="0" upc="" ecotax="0.000000" quantity="0" minimal_quantity="1" price="50.991753" wholesale_price="15.297526" unit_price_ratio="0.000000" additional_shipping_cost="0.00" supplier_reference="" width="0" height="0" depth="0" weight="0" out_of_stock="2" quantity_discount="0" customizable="0" uploadable_files="0" text_fields="0" active="1" redirect_type="" id_product_redirected="0" available_for_order="1" available_date="0000-00-00" condition="new" show_price="1" indexed="0" cache_is_pack="0" cache_has_attachments="0" is_virtual="0" cache_default_attribute="0" advanced_stock_management="0">
      <unity/>
      <location/>
    </product>
	<product id="Long_Evening_Dress" id_category_default="Evening_Dresses" reference="demo_25"  id_supplier="Fashion_Supplier" id_manufacturer="Fashion_Manufacturer" on_sale="0" online_only="0" ean13="0" upc="" ecotax="0.000000" quantity="0" minimal_quantity="1" price="50.507496" wholesale_price="15.152249" unit_price_ratio="0.000000" additional_shipping_cost="0.00" supplier_reference="" width="0" height="0" depth="0" weight="0" out_of_stock="2" quantity_discount="0" customizable="0" uploadable_files="0" text_fields="0" active="1" redirect_type="" id_product_redirected="0" available_for_order="1" available_date="0000-00-00" condition="new" show_price="1" indexed="0" cache_is_pack="0" cache_has_attachments="0" is_virtual="0" cache_default_attribute="0" advanced_stock_management="0">
      <unity/>
      <location/>
    </product>
	<product id="Short_Evening_Dress" id_category_default="Evening_Dresses" reference="demo_26"  id_supplier="Fashion_Supplier" id_manufacturer="Fashion_Manufacturer" on_sale="0" online_only="0" ean13="0" upc="" ecotax="0.000000" quantity="0" minimal_quantity="1" price="55.992541" wholesale_price="16.797762" unit_price_ratio="0.000000" additional_shipping_cost="0.00" supplier_reference="" width="0" height="0" depth="0" weight="0" out_of_stock="2" quantity_discount="0" customizable="0" uploadable_files="0" text_fields="0" active="1" redirect_type="" id_product_redirected="0" available_for_order="1" available_date="0000-00-00" condition="new" show_price="1" indexed="0" cache_is_pack="0" cache_has_attachments="0" is_virtual="0" cache_default_attribute="0" advanced_stock_management="0">
      <unity/>
      <location/>
    </product>
	<product id="Strapless_Dress_2" id_category_default="Evening_Dresses" reference="demo_27"  id_supplier="Fashion_Supplier" id_manufacturer="Fashion_Manufacturer" on_sale="0" online_only="0" ean13="0" upc="" ecotax="0.000000" quantity="0" minimal_quantity="1" price="55.998293" wholesale_price="16.799488" unit_price_ratio="0.000000" additional_shipping_cost="0.00" supplier_reference="" width="0" height="0" depth="0" weight="0" out_of_stock="2" quantity_discount="0" customizable="0" uploadable_files="0" text_fields="0" active="1" redirect_type="" id_product_redirected="0" available_for_order="1" available_date="0000-00-00" condition="new" show_price="1" indexed="0" cache_is_pack="0" cache_has_attachments="0" is_virtual="0" cache_default_attribute="0" advanced_stock_management="0">
      <unity/>
      <location/>
    </product>
	<product id="Dress_with_Sleeves" id_category_default="Evening_Dresses" reference="demo_28"  id_supplier="Fashion_Supplier" id_manufacturer="Fashion_Manufacturer" on_sale="0" online_only="0" ean13="0" upc="" ecotax="0.000000" quantity="0" minimal_quantity="1" price="55.506423" wholesale_price="16.651927" unit_price_ratio="0.000000" additional_shipping_cost="0.00" supplier_reference="" width="0" height="0" depth="0" weight="0" out_of_stock="2" quantity_discount="0" customizable="0" uploadable_files="0" text_fields="0" active="1" redirect_type="" id_product_redirected="0" available_for_order="1" available_date="0000-00-00" condition="new" show_price="1" indexed="0" cache_is_pack="0" cache_has_attachments="0" is_virtual="0" cache_default_attribute="0" advanced_stock_management="0">
      <unity/>
      <location/>
    </product>
	<product id="Printed_Dress_2" id_category_default="Evening_Dresses" reference="demo_29"  id_supplier="Fashion_Supplier" id_manufacturer="Fashion_Manufacturer" on_sale="0" online_only="0" ean13="0" upc="" ecotax="0.000000" quantity="0" minimal_quantity="1" price="50.994153" wholesale_price="15.298246" unit_price_ratio="0.000000" additional_shipping_cost="0.00" supplier_reference="" width="0" height="0" depth="0" weight="0" out_of_stock="2" quantity_discount="0" customizable="0" uploadable_files="0" text_fields="0" active="1" redirect_type="" id_product_redirected="0" available_for_order="1" available_date="0000-00-00" condition="new" show_price="1" indexed="0" cache_is_pack="0" cache_has_attachments="0" is_virtual="0" cache_default_attribute="0" advanced_stock_management="0">
      <unity/>
      <location/>
    </product>
	<product id="Printed_Summer_Dress_1" id_category_default="Summer_Dresses" reference="demo_30"  id_supplier="Fashion_Supplier" id_manufacturer="Fashion_Manufacturer" on_sale="0" online_only="0" ean13="0" upc="" ecotax="0.000000" quantity="0" minimal_quantity="1" price="30.506321" wholesale_price="9.151896" unit_price_ratio="0.000000" additional_shipping_cost="0.00" supplier_reference="" width="0" height="0" depth="0" weight="0" out_of_stock="2" quantity_discount="0" customizable="0" uploadable_files="0" text_fields="0" active="1" redirect_type="" id_product_redirected="0" available_for_order="1" available_date="0000-00-00" condition="new" show_price="1" indexed="0" cache_is_pack="0" cache_has_attachments="0" is_virtual="0" cache_default_attribute="0" advanced_stock_management="0">
      <unity/>
      <location/>
    </product>
	<!-- <product id="Strapless_Summer_Dress" id_category_default="Summer_Dresses" reference="demo_31"  id_supplier="Fashion_Supplier" id_manufacturer="Fashion_Manufacturer" on_sale="0" online_only="0" ean13="0" upc="" ecotax="0.000000" quantity="0" minimal_quantity="1" price="30.995214" wholesale_price="9.298564" unit_price_ratio="0.000000" additional_shipping_cost="0.00" supplier_reference="" width="0" height="0" depth="0" weight="0" out_of_stock="2" quantity_discount="0" customizable="0" uploadable_files="0" text_fields="0" active="1" redirect_type="" id_product_redirected="0" available_for_order="1" available_date="0000-00-00" condition="new" show_price="1" indexed="0" cache_is_pack="0" cache_has_attachments="0" is_virtual="0" cache_default_attribute="0" advanced_stock_management="0">
      <unity/>
      <location/>
    </product> -->
	<product id="Long_Printed_Dress" id_category_default="Summer_Dresses" reference="demo_32"  id_supplier="Fashion_Supplier" id_manufacturer="Fashion_Manufacturer" on_sale="0" online_only="0" ean13="0" upc="" ecotax="0.000000" quantity="0" minimal_quantity="1" price="30.990457" wholesale_price="9.297137" unit_price_ratio="0.000000" additional_shipping_cost="0.00" supplier_reference="" width="0" height="0" depth="0" weight="0" out_of_stock="2" quantity_discount="0" customizable="0" uploadable_files="0" text_fields="0" active="1" redirect_type="" id_product_redirected="0" available_for_order="1" available_date="0000-00-00" condition="new" show_price="1" indexed="0" cache_is_pack="0" cache_has_attachments="0" is_virtual="0" cache_default_attribute="0" advanced_stock_management="0">
      <unity/>
      <location/>
    </product>
	<product id="Printed_Summer_Dress_2" id_category_default="Summer_Dresses" reference="demo_33"  id_supplier="Fashion_Supplier" id_manufacturer="Fashion_Manufacturer" on_sale="0" online_only="0" ean13="0" upc="" ecotax="0.000000" quantity="0" minimal_quantity="1" price="30.502569" wholesale_price="9.150771" unit_price_ratio="0.000000" additional_shipping_cost="0.00" supplier_reference="" width="0" height="0" depth="0" weight="0" out_of_stock="2" quantity_discount="0" customizable="0" uploadable_files="0" text_fields="0" active="1" redirect_type="" id_product_redirected="0" available_for_order="1" available_date="0000-00-00" condition="new" show_price="1" indexed="0" cache_is_pack="0" cache_has_attachments="0" is_virtual="0" cache_default_attribute="0" advanced_stock_management="0">
      <unity/>
      <location/>
    </product>
	<product id="Printed_Chiffon_Dress" id_category_default="Summer_Dresses" reference="demo_34"  id_supplier="Fashion_Supplier" id_manufacturer="Fashion_Manufacturer" on_sale="0" online_only="0" ean13="0" upc="" ecotax="0.000000" quantity="0" minimal_quantity="1" price="20.501236" wholesale_price="6.150371" unit_price_ratio="0.000000" additional_shipping_cost="0.00" supplier_reference="" width="0" height="0" depth="0" weight="0" out_of_stock="2" quantity_discount="0" customizable="0" uploadable_files="0" text_fields="0" active="1" redirect_type="" id_product_redirected="0" available_for_order="1" available_date="0000-00-00" condition="new" show_price="1" indexed="0" cache_is_pack="0" cache_has_attachments="0" is_virtual="0" cache_default_attribute="0" advanced_stock_management="0">
      <unity/>
      <location/>
    </product>
	<product id="Studded_Leather_Belt" id_category_default="Belts" reference="demo_35"  id_supplier="Fashion_Supplier" id_manufacturer="Fashion_Manufacturer" on_sale="0" online_only="0" ean13="0" upc="" ecotax="0.000000" quantity="0" minimal_quantity="1" price="15.992366" wholesale_price="4.797710" unit_price_ratio="0.000000" additional_shipping_cost="0.00" supplier_reference="" width="0" height="0" depth="0" weight="0" out_of_stock="2" quantity_discount="0" customizable="0" uploadable_files="0" text_fields="0" active="1" redirect_type="" id_product_redirected="0" available_for_order="1" available_date="0000-00-00" condition="new" show_price="1" indexed="0" cache_is_pack="0" cache_has_attachments="0" is_virtual="0" cache_default_attribute="0" advanced_stock_management="0">
      <unity/>
      <location/>
    </product>
	<product id="Braided_Belt" id_category_default="Belts" reference="demo_36"  id_supplier="Fashion_Supplier" id_manufacturer="Fashion_Manufacturer" on_sale="0" online_only="0" ean13="0" upc="" ecotax="0.000000" quantity="0" minimal_quantity="1" price="15.500369" wholesale_price="4.650111" unit_price_ratio="0.000000" additional_shipping_cost="0.00" supplier_reference="" width="0" height="0" depth="0" weight="0" out_of_stock="2" quantity_discount="0" customizable="0" uploadable_files="0" text_fields="0" active="1" redirect_type="" id_product_redirected="0" available_for_order="1" available_date="0000-00-00" condition="new" show_price="1" indexed="0" cache_is_pack="0" cache_has_attachments="0" is_virtual="0" cache_default_attribute="0" advanced_stock_management="0">
      <unity/>
      <location/>
    </product>
	<product id="Bucket_Hat" id_category_default="Hats" reference="demo_37"  id_supplier="Fashion_Supplier" id_manufacturer="Fashion_Manufacturer" on_sale="0" online_only="0" ean13="0" upc="" ecotax="0.000000" quantity="0" minimal_quantity="1" price="30.990521" wholesale_price="9.297156" unit_price_ratio="0.000000" additional_shipping_cost="0.00" supplier_reference="" width="0" height="0" depth="0" weight="0" out_of_stock="2" quantity_discount="0" customizable="0" uploadable_files="0" text_fields="0" active="1" redirect_type="" id_product_redirected="0" available_for_order="1" available_date="0000-00-00" condition="new" show_price="1" indexed="0" cache_is_pack="0" cache_has_attachments="0" is_virtual="0" cache_default_attribute="0" advanced_stock_management="0">
      <unity/>
      <location/>
    </product>
	<product id="Floppy_Hat" id_category_default="Hats" reference="demo_38"  id_supplier="Fashion_Supplier" id_manufacturer="Fashion_Manufacturer" on_sale="0" online_only="0" ean13="0" upc="" ecotax="0.000000" quantity="0" minimal_quantity="1" price="25.993036" wholesale_price="7.797911" unit_price_ratio="0.000000" additional_shipping_cost="0.00" supplier_reference="" width="0" height="0" depth="0" weight="0" out_of_stock="2" quantity_discount="0" customizable="0" uploadable_files="0" text_fields="0" active="1" redirect_type="" id_product_redirected="0" available_for_order="1" available_date="0000-00-00" condition="new" show_price="1" indexed="0" cache_is_pack="0" cache_has_attachments="0" is_virtual="0" cache_default_attribute="0" advanced_stock_management="0">
      <unity/>
      <location/>
    </product>
	<product id="Men_Straw_Hat" id_category_default="Hats" reference="demo_39"  id_supplier="Fashion_Supplier" id_manufacturer="Fashion_Manufacturer" on_sale="0" online_only="0" ean13="0" upc="" ecotax="0.000000" quantity="0" minimal_quantity="1" price="25.502569" wholesale_price="7.650771" unit_price_ratio="0.000000" additional_shipping_cost="0.00" supplier_reference="" width="0" height="0" depth="0" weight="0" out_of_stock="2" quantity_discount="0" customizable="0" uploadable_files="0" text_fields="0" active="1" redirect_type="" id_product_redirected="0" available_for_order="1" available_date="0000-00-00" condition="new" show_price="1" indexed="0" cache_is_pack="0" cache_has_attachments="0" is_virtual="0" cache_default_attribute="0" advanced_stock_management="0">
      <unity/>
      <location/>
    </product>
	<product id="Bowling_Bag" id_category_default="Handbags" reference="demo_40"  id_supplier="Fashion_Supplier" id_manufacturer="Fashion_Manufacturer" on_sale="0" online_only="0" ean13="0" upc="" ecotax="0.000000" quantity="0" minimal_quantity="1" price="50.999999" wholesale_price="15.300000" unit_price_ratio="0.000000" additional_shipping_cost="0.00" supplier_reference="" width="0" height="0" depth="0" weight="0" out_of_stock="2" quantity_discount="0" customizable="0" uploadable_files="0" text_fields="0" active="1" redirect_type="" id_product_redirected="0" available_for_order="1" available_date="0000-00-00" condition="new" show_price="1" indexed="0" cache_is_pack="0" cache_has_attachments="0" is_virtual="0" cache_default_attribute="0" advanced_stock_management="0">
      <unity/>
      <location/>
    </product>
	<product id="Leather_Bag" id_category_default="Handbags" reference="demo_41"  id_supplier="Fashion_Supplier" id_manufacturer="Fashion_Manufacturer" on_sale="0" online_only="0" ean13="0" upc="" ecotax="0.000000" quantity="0" minimal_quantity="1" price="60.509687" wholesale_price="18.152906" unit_price_ratio="0.000000" additional_shipping_cost="0.00" supplier_reference="" width="0" height="0" depth="0" weight="0" out_of_stock="2" quantity_discount="0" customizable="0" uploadable_files="0" text_fields="0" active="1" redirect_type="" id_product_redirected="0" available_for_order="1" available_date="0000-00-00" condition="new" show_price="1" indexed="0" cache_is_pack="0" cache_has_attachments="0" is_virtual="0" cache_default_attribute="0" advanced_stock_management="0">
      <unity/>
      <location/>
    </product>
	<product id="Snake_Skin_Bag" id_category_default="Handbags" reference="demo_42"  id_supplier="Fashion_Supplier" id_manufacturer="Fashion_Manufacturer" on_sale="0" online_only="0" ean13="0" upc="" ecotax="0.000000" quantity="0" minimal_quantity="1" price="25.998789" wholesale_price="7.799637" unit_price_ratio="0.000000" additional_shipping_cost="0.00" supplier_reference="" width="0" height="0" depth="0" weight="0" out_of_stock="2" quantity_discount="0" customizable="0" uploadable_files="0" text_fields="0" active="1" redirect_type="" id_product_redirected="0" available_for_order="1" available_date="0000-00-00" condition="new" show_price="1" indexed="0" cache_is_pack="0" cache_has_attachments="0" is_virtual="0" cache_default_attribute="0" advanced_stock_management="0">
      <unity/>
      <location/>
    </product>
	<product id="Quilted_Bag" id_category_default="Handbags" reference="demo_43"  id_supplier="Fashion_Supplier" id_manufacturer="Fashion_Manufacturer" on_sale="0" online_only="0" ean13="0" upc="" ecotax="0.000000" quantity="0" minimal_quantity="1" price="20.996688" wholesale_price="6.299006" unit_price_ratio="0.000000" additional_shipping_cost="0.00" supplier_reference="" width="0" height="0" depth="0" weight="0" out_of_stock="2" quantity_discount="0" customizable="0" uploadable_files="0" text_fields="0" active="1" redirect_type="" id_product_redirected="0" available_for_order="1" available_date="0000-00-00" condition="new" show_price="1" indexed="0" cache_is_pack="0" cache_has_attachments="0" is_virtual="0" cache_default_attribute="0" advanced_stock_management="0">
      <unity/>
      <location/>
    </product>
	<product id="Suede_Bag" id_category_default="Handbags" reference="demo_44"  id_supplier="Fashion_Supplier" id_manufacturer="Fashion_Manufacturer" on_sale="0" online_only="0" ean13="0" upc="" ecotax="0.000000" quantity="0" minimal_quantity="1" price="45.509632" wholesale_price="13.652890" unit_price_ratio="0.000000" additional_shipping_cost="0.00" supplier_reference="" width="0" height="0" depth="0" weight="0" out_of_stock="2" quantity_discount="0" customizable="0" uploadable_files="0" text_fields="0" active="1" redirect_type="" id_product_redirected="0" available_for_order="1" available_date="0000-00-00" condition="new" show_price="1" indexed="0" cache_is_pack="0" cache_has_attachments="0" is_virtual="0" cache_default_attribute="0" advanced_stock_management="0">
      <unity/>
      <location/>
    </product>
	<product id="Wedge_Shoe" id_category_default="Shoes" reference="demo_45"  id_supplier="Fashion_Supplier" id_manufacturer="Fashion_Manufacturer" on_sale="0" online_only="0" ean13="0" upc="" ecotax="0.000000" quantity="0" minimal_quantity="1" price="45.996532" wholesale_price="13.798960" unit_price_ratio="0.000000" additional_shipping_cost="0.00" supplier_reference="" width="0" height="0" depth="0" weight="0" out_of_stock="2" quantity_discount="0" customizable="0" uploadable_files="0" text_fields="0" active="1" redirect_type="" id_product_redirected="0" available_for_order="1" available_date="0000-00-00" condition="new" show_price="1" indexed="0" cache_is_pack="0" cache_has_attachments="0" is_virtual="0" cache_default_attribute="0" advanced_stock_management="0">
      <unity/>
      <location/>
    </product>
  </entities>
</entity_product>
