<?xml version="1.0" encoding="UTF-8"?>
<entity_product_attribute_combination>
  <fields primary="id_attribute, id_product_attribute">
    <field name="id_attribute" relation="attribute"/>
    <field name="id_product_attribute" relation="product_attribute"/>
  </fields>
  <entities>
	<product_attribute_combination id="pac_1" id_attribute="Grey" id_product_attribute="pa_Fur_Coat_1"/>
	<product_attribute_combination id="pac_2" id_attribute="S" id_product_attribute="pa_Fur_Coat_1"/>
	<product_attribute_combination id="pac_3" id_attribute="Grey" id_product_attribute="pa_Fur_Coat_2"/>
	<product_attribute_combination id="pac_4" id_attribute="M" id_product_attribute="pa_Fur_Coat_2"/>
	<product_attribute_combination id="pac_5" id_attribute="Grey" id_product_attribute="pa_Fur_Coat_3"/>
	<product_attribute_combination id="pac_6" id_attribute="L" id_product_attribute="pa_Fur_Coat_3"/>
	<product_attribute_combination id="pac_1" id_attribute="Taupe" id_product_attribute="pa_Textured_Trench_Coat_1"/>
	<product_attribute_combination id="pac_2" id_attribute="S" id_product_attribute="pa_Textured_Trench_Coat_1"/>
	<product_attribute_combination id="pac_3" id_attribute="Taupe" id_product_attribute="pa_Textured_Trench_Coat_2"/>
	<product_attribute_combination id="pac_4" id_attribute="M" id_product_attribute="pa_Textured_Trench_Coat_2"/>
	<product_attribute_combination id="pac_5" id_attribute="Taupe" id_product_attribute="pa_Textured_Trench_Coat_3"/>
	<product_attribute_combination id="pac_6" id_attribute="L" id_product_attribute="pa_Textured_Trench_Coat_3"/>
	<product_attribute_combination id="pac_1" id_attribute="Grey" id_product_attribute="pa_Slim_Cut_Coat_1"/>
	<product_attribute_combination id="pac_2" id_attribute="S" id_product_attribute="pa_Slim_Cut_Coat_1"/>
	<product_attribute_combination id="pac_3" id_attribute="Grey" id_product_attribute="pa_Slim_Cut_Coat_2"/>
	<product_attribute_combination id="pac_4" id_attribute="M" id_product_attribute="pa_Slim_Cut_Coat_2"/>
	<product_attribute_combination id="pac_5" id_attribute="Grey" id_product_attribute="pa_Slim_Cut_Coat_3"/>
	<product_attribute_combination id="pac_6" id_attribute="L" id_product_attribute="pa_Slim_Cut_Coat_3"/>
	<product_attribute_combination id="pac_1" id_attribute="Beige" id_product_attribute="pa_Quilted_Jacket_1"/>
	<product_attribute_combination id="pac_2" id_attribute="S" id_product_attribute="pa_Quilted_Jacket_1"/>
	<product_attribute_combination id="pac_3" id_attribute="Beige" id_product_attribute="pa_Quilted_Jacket_2"/>
	<product_attribute_combination id="pac_4" id_attribute="M" id_product_attribute="pa_Quilted_Jacket_2"/>
	<product_attribute_combination id="pac_5" id_attribute="Beige" id_product_attribute="pa_Quilted_Jacket_3"/>
	<product_attribute_combination id="pac_6" id_attribute="L" id_product_attribute="pa_Quilted_Jacket_3"/>
	<product_attribute_combination id="pac_1" id_attribute="Blue" id_product_attribute="pa_Suit_Blazer_1"/>
	<product_attribute_combination id="pac_2" id_attribute="S" id_product_attribute="pa_Suit_Blazer_1"/>
	<product_attribute_combination id="pac_3" id_attribute="Blue" id_product_attribute="pa_Suit_Blazer_2"/>
	<product_attribute_combination id="pac_4" id_attribute="M" id_product_attribute="pa_Suit_Blazer_2"/>
	<product_attribute_combination id="pac_5" id_attribute="Blue" id_product_attribute="pa_Suit_Blazer_3"/>
	<product_attribute_combination id="pac_6" id_attribute="L" id_product_attribute="pa_Suit_Blazer_3"/>
	<product_attribute_combination id="pac_1" id_attribute="White" id_product_attribute="pa_Short_Blazer_1"/>
	<product_attribute_combination id="pac_2" id_attribute="S" id_product_attribute="pa_Short_Blazer_1"/>
	<product_attribute_combination id="pac_3" id_attribute="White" id_product_attribute="pa_Short_Blazer_2"/>
	<product_attribute_combination id="pac_4" id_attribute="M" id_product_attribute="pa_Short_Blazer_2"/>
	<product_attribute_combination id="pac_5" id_attribute="White" id_product_attribute="pa_Short_Blazer_3"/>
	<product_attribute_combination id="pac_6" id_attribute="L" id_product_attribute="pa_Short_Blazer_3"/>
	<product_attribute_combination id="pac_1" id_attribute="Red" id_product_attribute="pa_Puffer_Jacket_1"/>
	<product_attribute_combination id="pac_2" id_attribute="S" id_product_attribute="pa_Puffer_Jacket_1"/>
	<product_attribute_combination id="pac_3" id_attribute="Red" id_product_attribute="pa_Puffer_Jacket_2"/>
	<product_attribute_combination id="pac_4" id_attribute="M" id_product_attribute="pa_Puffer_Jacket_2"/>
	<product_attribute_combination id="pac_5" id_attribute="Red" id_product_attribute="pa_Puffer_Jacket_3"/>
	<product_attribute_combination id="pac_6" id_attribute="L" id_product_attribute="pa_Puffer_Jacket_3"/>
	<product_attribute_combination id="pac_1" id_attribute="Black" id_product_attribute="pa_Leather_Jacket_1_1"/>
	<product_attribute_combination id="pac_2" id_attribute="S" id_product_attribute="pa_Leather_Jacket_1_1"/>
	<product_attribute_combination id="pac_3" id_attribute="Black" id_product_attribute="pa_Leather_Jacket_1_2"/>
	<product_attribute_combination id="pac_4" id_attribute="M" id_product_attribute="pa_Leather_Jacket_1_2"/>
	<product_attribute_combination id="pac_5" id_attribute="Black" id_product_attribute="pa_Leather_Jacket_1_3"/>
	<product_attribute_combination id="pac_6" id_attribute="L" id_product_attribute="pa_Leather_Jacket_1_3"/>
	<product_attribute_combination id="pac_1" id_attribute="Camel" id_product_attribute="pa_Leather_Jacket_2_1"/>
	<product_attribute_combination id="pac_2" id_attribute="S" id_product_attribute="pa_Leather_Jacket_2_1"/>
	<product_attribute_combination id="pac_3" id_attribute="Camel" id_product_attribute="pa_Leather_Jacket_2_2"/>
	<product_attribute_combination id="pac_4" id_attribute="M" id_product_attribute="pa_Leather_Jacket_2_2"/>
	<product_attribute_combination id="pac_5" id_attribute="Camel" id_product_attribute="pa_Leather_Jacket_2_3"/>
	<product_attribute_combination id="pac_6" id_attribute="L" id_product_attribute="pa_Leather_Jacket_2_3"/>
	<product_attribute_combination id="pac_1" id_attribute="Black" id_product_attribute="pa_Leather_Jacket_3_1"/>
	<product_attribute_combination id="pac_2" id_attribute="S" id_product_attribute="pa_Leather_Jacket_3_1"/>
	<product_attribute_combination id="pac_3" id_attribute="Black" id_product_attribute="pa_Leather_Jacket_3_2"/>
	<product_attribute_combination id="pac_4" id_attribute="M" id_product_attribute="pa_Leather_Jacket_3_2"/>
	<product_attribute_combination id="pac_5" id_attribute="Black" id_product_attribute="pa_Leather_Jacket_3_3"/>
	<product_attribute_combination id="pac_6" id_attribute="L" id_product_attribute="pa_Leather_Jacket_3_3"/>
	<product_attribute_combination id="pac_1" id_attribute="Green" id_product_attribute="pa_Short_Sleeve_T-shirts_1"/>
	<product_attribute_combination id="pac_2" id_attribute="S" id_product_attribute="pa_Short_Sleeve_T-shirts_1"/>
	<product_attribute_combination id="pac_3" id_attribute="Green" id_product_attribute="pa_Short_Sleeve_T-shirts_2"/>
	<product_attribute_combination id="pac_4" id_attribute="M" id_product_attribute="pa_Short_Sleeve_T-shirts_2"/>
	<product_attribute_combination id="pac_5" id_attribute="Green" id_product_attribute="pa_Short_Sleeve_T-shirts_3"/>
	<product_attribute_combination id="pac_6" id_attribute="L" id_product_attribute="pa_Short_Sleeve_T-shirts_3"/>
	<product_attribute_combination id="pac_1" id_attribute="Orange" id_product_attribute="pa_Faded_Short_Sleeve_T-shirts_1"/>
	<product_attribute_combination id="pac_2" id_attribute="S" id_product_attribute="pa_Faded_Short_Sleeve_T-shirts_1"/>
	<product_attribute_combination id="pac_3" id_attribute="Blue" id_product_attribute="pa_Faded_Short_Sleeve_T-shirts_2"/>
	<product_attribute_combination id="pac_4" id_attribute="S" id_product_attribute="pa_Faded_Short_Sleeve_T-shirts_2"/>
	<product_attribute_combination id="pac_5" id_attribute="Orange" id_product_attribute="pa_Faded_Short_Sleeve_T-shirts_3"/>
	<product_attribute_combination id="pac_6" id_attribute="M" id_product_attribute="pa_Faded_Short_Sleeve_T-shirts_3"/>
	<product_attribute_combination id="pac_7" id_attribute="Blue" id_product_attribute="pa_Faded_Short_Sleeve_T-shirts_4"/>
	<product_attribute_combination id="pac_8" id_attribute="M" id_product_attribute="pa_Faded_Short_Sleeve_T-shirts_4"/>
	<product_attribute_combination id="pac_9" id_attribute="Orange" id_product_attribute="pa_Faded_Short_Sleeve_T-shirts_5"/>
	<product_attribute_combination id="pac_10" id_attribute="L" id_product_attribute="pa_Faded_Short_Sleeve_T-shirts_5"/>
	<product_attribute_combination id="pac_11" id_attribute="Blue" id_product_attribute="pa_Faded_Short_Sleeve_T-shirts_6"/>
	<product_attribute_combination id="pac_12" id_attribute="L" id_product_attribute="pa_Faded_Short_Sleeve_T-shirts_6"/>
	<product_attribute_combination id="pac_1" id_attribute="Green" id_product_attribute="pa_Cami_Tank_Top_1"/>
	<product_attribute_combination id="pac_2" id_attribute="S" id_product_attribute="pa_Cami_Tank_Top_1"/>
	<product_attribute_combination id="pac_3" id_attribute="Green" id_product_attribute="pa_Cami_Tank_Top_2"/>
	<product_attribute_combination id="pac_4" id_attribute="M" id_product_attribute="pa_Cami_Tank_Top_2"/>
	<product_attribute_combination id="pac_5" id_attribute="Green" id_product_attribute="pa_Cami_Tank_Top_3"/>
	<product_attribute_combination id="pac_6" id_attribute="L" id_product_attribute="pa_Cami_Tank_Top_3"/>
	<product_attribute_combination id="pac_1" id_attribute="Black" id_product_attribute="pa_Blouse_1"/>
	<product_attribute_combination id="pac_2" id_attribute="S" id_product_attribute="pa_Blouse_1"/>
	<product_attribute_combination id="pac_3" id_attribute="White" id_product_attribute="pa_Blouse_2"/>
	<product_attribute_combination id="pac_4" id_attribute="S" id_product_attribute="pa_Blouse_2"/>
	<product_attribute_combination id="pac_5" id_attribute="Black" id_product_attribute="pa_Blouse_3"/>
	<product_attribute_combination id="pac_6" id_attribute="M" id_product_attribute="pa_Blouse_3"/>
	<product_attribute_combination id="pac_7" id_attribute="White" id_product_attribute="pa_Blouse_4"/>
	<product_attribute_combination id="pac_8" id_attribute="M" id_product_attribute="pa_Blouse_4"/>
	<product_attribute_combination id="pac_9" id_attribute="Black" id_product_attribute="pa_Blouse_5"/>
	<product_attribute_combination id="pac_10" id_attribute="L" id_product_attribute="pa_Blouse_5"/>
	<product_attribute_combination id="pac_11" id_attribute="White" id_product_attribute="pa_Blouse_6"/>
	<product_attribute_combination id="pac_12" id_attribute="L" id_product_attribute="pa_Blouse_6"/>
	<product_attribute_combination id="pac_1" id_attribute="White" id_product_attribute="pa_Leapoard_Printed_Blouse_1"/>
	<product_attribute_combination id="pac_2" id_attribute="S" id_product_attribute="pa_Leapoard_Printed_Blouse_1"/>
	<product_attribute_combination id="pac_3" id_attribute="White" id_product_attribute="pa_Leapoard_Printed_Blouse_2"/>
	<product_attribute_combination id="pac_4" id_attribute="M" id_product_attribute="pa_Leapoard_Printed_Blouse_2"/>
	<product_attribute_combination id="pac_5" id_attribute="White" id_product_attribute="pa_Leapoard_Printed_Blouse_3"/>
	<product_attribute_combination id="pac_6" id_attribute="L" id_product_attribute="pa_Leapoard_Printed_Blouse_3"/>
	<product_attribute_combination id="pac_1" id_attribute="Blue" id_product_attribute="pa_Faded_Jeans_1"/>
	<product_attribute_combination id="pac_2" id_attribute="S" id_product_attribute="pa_Faded_Jeans_1"/>
	<product_attribute_combination id="pac_3" id_attribute="Blue" id_product_attribute="pa_Faded_Jeans_2"/>
	<product_attribute_combination id="pac_4" id_attribute="M" id_product_attribute="pa_Faded_Jeans_2"/>
	<product_attribute_combination id="pac_5" id_attribute="Blue" id_product_attribute="pa_Faded_Jeans_3"/>
	<product_attribute_combination id="pac_6" id_attribute="L" id_product_attribute="pa_Faded_Jeans_3"/>
	<product_attribute_combination id="pac_1" id_attribute="Blue" id_product_attribute="pa_5_Pocket_Jean_1_1"/>
	<product_attribute_combination id="pac_2" id_attribute="S" id_product_attribute="pa_5_Pocket_Jean_1_1"/>
	<product_attribute_combination id="pac_3" id_attribute="Blue" id_product_attribute="pa_5_Pocket_Jean_1_2"/>
	<product_attribute_combination id="pac_4" id_attribute="M" id_product_attribute="pa_5_Pocket_Jean_1_2"/>
	<product_attribute_combination id="pac_5" id_attribute="Blue" id_product_attribute="pa_5_Pocket_Jean_1_3"/>
	<product_attribute_combination id="pac_6" id_attribute="L" id_product_attribute="pa_5_Pocket_Jean_1_3"/>
	<product_attribute_combination id="pac_1" id_attribute="Blue" id_product_attribute="pa_5_Pocket_Jean_2_1"/>
	<product_attribute_combination id="pac_2" id_attribute="S" id_product_attribute="pa_5_Pocket_Jean_2_1"/>
	<product_attribute_combination id="pac_3" id_attribute="Blue" id_product_attribute="pa_5_Pocket_Jean_2_2"/>
	<product_attribute_combination id="pac_4" id_attribute="M" id_product_attribute="pa_5_Pocket_Jean_2_2"/>
	<product_attribute_combination id="pac_5" id_attribute="Blue" id_product_attribute="pa_5_Pocket_Jean_2_3"/>
	<product_attribute_combination id="pac_6" id_attribute="L" id_product_attribute="pa_5_Pocket_Jean_2_3"/>
	<product_attribute_combination id="pac_1" id_attribute="Brown" id_product_attribute="pa_Dress_Gathered_At_The_Waist_1"/>
	<product_attribute_combination id="pac_2" id_attribute="S" id_product_attribute="pa_Dress_Gathered_At_The_Waist_1"/>
	<product_attribute_combination id="pac_3" id_attribute="Brown" id_product_attribute="pa_Dress_Gathered_At_The_Waist_2"/>
	<product_attribute_combination id="pac_4" id_attribute="M" id_product_attribute="pa_Dress_Gathered_At_The_Waist_2"/>
	<product_attribute_combination id="pac_5" id_attribute="Brown" id_product_attribute="pa_Dress_Gathered_At_The_Waist_3"/>
	<product_attribute_combination id="pac_6" id_attribute="L" id_product_attribute="pa_Dress_Gathered_At_The_Waist_3"/>
	<product_attribute_combination id="pac_1" id_attribute="Orange" id_product_attribute="pa_Printed_Dress_1"/>
	<product_attribute_combination id="pac_2" id_attribute="S" id_product_attribute="pa_Printed_Dress_1"/>
	<product_attribute_combination id="pac_3" id_attribute="Orange" id_product_attribute="pa_Printed_Dress_2"/>
	<product_attribute_combination id="pac_4" id_attribute="M" id_product_attribute="pa_Printed_Dress_2"/>
	<product_attribute_combination id="pac_5" id_attribute="Orange" id_product_attribute="pa_Printed_Dress_3"/>
	<product_attribute_combination id="pac_6" id_attribute="L" id_product_attribute="pa_Printed_Dress_3"/>
	<product_attribute_combination id="pac_1" id_attribute="White" id_product_attribute="pa_Floral_Dress_1"/>
	<product_attribute_combination id="pac_2" id_attribute="S" id_product_attribute="pa_Floral_Dress_1"/>
	<product_attribute_combination id="pac_3" id_attribute="White" id_product_attribute="pa_Floral_Dress_2"/>
	<product_attribute_combination id="pac_4" id_attribute="M" id_product_attribute="pa_Floral_Dress_2"/>
	<product_attribute_combination id="pac_5" id_attribute="White" id_product_attribute="pa_Floral_Dress_3"/>
	<product_attribute_combination id="pac_6" id_attribute="L" id_product_attribute="pa_Floral_Dress_3"/>
	<product_attribute_combination id="pac_1" id_attribute="Black" id_product_attribute="pa_Strapless_Dress_1_1"/>
	<product_attribute_combination id="pac_2" id_attribute="S" id_product_attribute="pa_Strapless_Dress_1_1"/>
	<product_attribute_combination id="pac_3" id_attribute="Black" id_product_attribute="pa_Strapless_Dress_1_2"/>
	<product_attribute_combination id="pac_4" id_attribute="M" id_product_attribute="pa_Strapless_Dress_1_2"/>
	<product_attribute_combination id="pac_5" id_attribute="Black" id_product_attribute="pa_Strapless_Dress_1_3"/>
	<product_attribute_combination id="pac_6" id_attribute="L" id_product_attribute="pa_Strapless_Dress_1_3"/>
	<product_attribute_combination id="pac_1" id_attribute="Red" id_product_attribute="pa_Long_Evening_Dress_1"/>
	<product_attribute_combination id="pac_2" id_attribute="S" id_product_attribute="pa_Long_Evening_Dress_1"/>
	<product_attribute_combination id="pac_3" id_attribute="Red" id_product_attribute="pa_Long_Evening_Dress_2"/>
	<product_attribute_combination id="pac_4" id_attribute="M" id_product_attribute="pa_Long_Evening_Dress_2"/>
	<product_attribute_combination id="pac_5" id_attribute="Red" id_product_attribute="pa_Long_Evening_Dress_3"/>
	<product_attribute_combination id="pac_6" id_attribute="L" id_product_attribute="pa_Long_Evening_Dress_3"/>
	<product_attribute_combination id="pac_1" id_attribute="Black" id_product_attribute="pa_Short_Evening_Dress_1"/>
	<product_attribute_combination id="pac_2" id_attribute="S" id_product_attribute="pa_Short_Evening_Dress_1"/>
	<product_attribute_combination id="pac_3" id_attribute="Black" id_product_attribute="pa_Short_Evening_Dress_2"/>
	<product_attribute_combination id="pac_4" id_attribute="M" id_product_attribute="pa_Short_Evening_Dress_2"/>
	<product_attribute_combination id="pac_5" id_attribute="Black" id_product_attribute="pa_Short_Evening_Dress_3"/>
	<product_attribute_combination id="pac_6" id_attribute="L" id_product_attribute="pa_Short_Evening_Dress_3"/>
	<product_attribute_combination id="pac_1" id_attribute="S" id_product_attribute="pa_Strapless_Dress_2_1"/>
	<product_attribute_combination id="pac_2" id_attribute="M" id_product_attribute="pa_Strapless_Dress_2_2"/>
	<product_attribute_combination id="pac_3" id_attribute="L" id_product_attribute="pa_Strapless_Dress_2_3"/>
	<product_attribute_combination id="pac_1" id_attribute="Black" id_product_attribute="pa_Dress_with_Sleeves_1"/>
	<product_attribute_combination id="pac_2" id_attribute="S" id_product_attribute="pa_Dress_with_Sleeves_1"/>
	<product_attribute_combination id="pac_3" id_attribute="Black" id_product_attribute="pa_Dress_with_Sleeves_2"/>
	<product_attribute_combination id="pac_4" id_attribute="M" id_product_attribute="pa_Dress_with_Sleeves_2"/>
	<product_attribute_combination id="pac_5" id_attribute="Black" id_product_attribute="pa_Dress_with_Sleeves_3"/>
	<product_attribute_combination id="pac_6" id_attribute="L" id_product_attribute="pa_Dress_with_Sleeves_3"/>
	<product_attribute_combination id="pac_1" id_attribute="Beige" id_product_attribute="pa_Printed_Dress_2_1"/>
	<product_attribute_combination id="pac_2" id_attribute="S" id_product_attribute="pa_Printed_Dress_2_1"/>
	<product_attribute_combination id="pac_3" id_attribute="Beige" id_product_attribute="pa_Printed_Dress_2_2"/>
	<product_attribute_combination id="pac_4" id_attribute="M" id_product_attribute="pa_Printed_Dress_2_2"/>
	<product_attribute_combination id="pac_5" id_attribute="Beige" id_product_attribute="pa_Printed_Dress_2_3"/>
	<product_attribute_combination id="pac_6" id_attribute="L" id_product_attribute="pa_Printed_Dress_2_3"/>
	<product_attribute_combination id="pac_1" id_attribute="Yellow" id_product_attribute="pa_Printed_Summer_Dress_1_1"/>
	<product_attribute_combination id="pac_2" id_attribute="S" id_product_attribute="pa_Printed_Summer_Dress_1_1"/>
	<product_attribute_combination id="pac_3" id_attribute="Blue" id_product_attribute="pa_Printed_Summer_Dress_1_2"/>
	<product_attribute_combination id="pac_4" id_attribute="S" id_product_attribute="pa_Printed_Summer_Dress_1_2"/>
	<product_attribute_combination id="pac_5" id_attribute="Orange" id_product_attribute="pa_Printed_Summer_Dress_1_3"/>
	<product_attribute_combination id="pac_6" id_attribute="S" id_product_attribute="pa_Printed_Summer_Dress_1_3"/>
	<product_attribute_combination id="pac_7" id_attribute="Black" id_product_attribute="pa_Printed_Summer_Dress_1_4"/>
	<product_attribute_combination id="pac_8" id_attribute="S" id_product_attribute="pa_Printed_Summer_Dress_1_4"/>
	<product_attribute_combination id="pac_9" id_attribute="Yellow" id_product_attribute="pa_Printed_Summer_Dress_1_5"/>
	<product_attribute_combination id="pac_10" id_attribute="M" id_product_attribute="pa_Printed_Summer_Dress_1_5"/>
	<product_attribute_combination id="pac_11" id_attribute="Blue" id_product_attribute="pa_Printed_Summer_Dress_1_6"/>
	<product_attribute_combination id="pac_12" id_attribute="M" id_product_attribute="pa_Printed_Summer_Dress_1_6"/>
	<product_attribute_combination id="pac_13" id_attribute="Orange" id_product_attribute="pa_Printed_Summer_Dress_1_7"/>
	<product_attribute_combination id="pac_14" id_attribute="M" id_product_attribute="pa_Printed_Summer_Dress_1_7"/>
	<product_attribute_combination id="pac_15" id_attribute="Black" id_product_attribute="pa_Printed_Summer_Dress_1_8"/>
	<product_attribute_combination id="pac_16" id_attribute="M" id_product_attribute="pa_Printed_Summer_Dress_1_8"/>
	<product_attribute_combination id="pac_17" id_attribute="Yellow" id_product_attribute="pa_Printed_Summer_Dress_1_9"/>
	<product_attribute_combination id="pac_18" id_attribute="L" id_product_attribute="pa_Printed_Summer_Dress_1_9"/>
	<product_attribute_combination id="pac_19" id_attribute="Blue" id_product_attribute="pa_Printed_Summer_Dress_1_10"/>
	<product_attribute_combination id="pac_20" id_attribute="L" id_product_attribute="pa_Printed_Summer_Dress_1_10"/>
	<product_attribute_combination id="pac_21" id_attribute="Orange" id_product_attribute="pa_Printed_Summer_Dress_1_11"/>
	<product_attribute_combination id="pac_22" id_attribute="L" id_product_attribute="pa_Printed_Summer_Dress_1_11"/>
	<product_attribute_combination id="pac_23" id_attribute="Black" id_product_attribute="pa_Printed_Summer_Dress_1_12"/>
	<product_attribute_combination id="pac_24" id_attribute="L" id_product_attribute="pa_Printed_Summer_Dress_1_12"/>
	<product_attribute_combination id="pac_1" id_attribute="Grey" id_product_attribute="pa_Long_Printed_Dress_1"/>
	<product_attribute_combination id="pac_2" id_attribute="S" id_product_attribute="pa_Long_Printed_Dress_1"/>
	<product_attribute_combination id="pac_3" id_attribute="Grey" id_product_attribute="pa_Long_Printed_Dress_2"/>
	<product_attribute_combination id="pac_4" id_attribute="M" id_product_attribute="pa_Long_Printed_Dress_2"/>
	<product_attribute_combination id="pac_5" id_attribute="Grey" id_product_attribute="pa_Long_Printed_Dress_3"/>
	<product_attribute_combination id="pac_6" id_attribute="L" id_product_attribute="pa_Long_Printed_Dress_3"/>
	<product_attribute_combination id="pac_1" id_attribute="Yellow" id_product_attribute="pa_Printed_Summer_Dress_2_1"/>
	<product_attribute_combination id="pac_2" id_attribute="S" id_product_attribute="pa_Printed_Summer_Dress_2_1"/>
	<product_attribute_combination id="pac_3" id_attribute="Yellow" id_product_attribute="pa_Printed_Summer_Dress_2_2"/>
	<product_attribute_combination id="pac_4" id_attribute="M" id_product_attribute="pa_Printed_Summer_Dress_2_2"/>
	<product_attribute_combination id="pac_5" id_attribute="Yellow" id_product_attribute="pa_Printed_Summer_Dress_2_3"/>
	<product_attribute_combination id="pac_6" id_attribute="L" id_product_attribute="pa_Printed_Summer_Dress_2_3"/>
	<product_attribute_combination id="pac_1" id_attribute="Yellow" id_product_attribute="pa_Printed_Chiffon_Dress_1"/>
	<product_attribute_combination id="pac_2" id_attribute="S" id_product_attribute="pa_Printed_Chiffon_Dress_1"/>
	<product_attribute_combination id="pac_3" id_attribute="Yellow" id_product_attribute="pa_Printed_Chiffon_Dress_2"/>
	<product_attribute_combination id="pac_4" id_attribute="M" id_product_attribute="pa_Printed_Chiffon_Dress_2"/>
	<product_attribute_combination id="pac_5" id_attribute="Yellow" id_product_attribute="pa_Printed_Chiffon_Dress_3"/>
	<product_attribute_combination id="pac_6" id_attribute="L" id_product_attribute="pa_Printed_Chiffon_Dress_3"/>
	<product_attribute_combination id="pac_1" id_attribute="Brown" id_product_attribute="pa_Studded_Leather_Belt_1"/>
	<product_attribute_combination id="pac_2" id_attribute="S" id_product_attribute="pa_Studded_Leather_Belt_1"/>
	<product_attribute_combination id="pac_3" id_attribute="Brown" id_product_attribute="pa_Studded_Leather_Belt_2"/>
	<product_attribute_combination id="pac_4" id_attribute="M" id_product_attribute="pa_Studded_Leather_Belt_2"/>
	<product_attribute_combination id="pac_5" id_attribute="Brown" id_product_attribute="pa_Studded_Leather_Belt_3"/>
	<product_attribute_combination id="pac_6" id_attribute="L" id_product_attribute="pa_Studded_Leather_Belt_3"/>
	<product_attribute_combination id="pac_1" id_attribute="Black" id_product_attribute="pa_Braided_Belt_1"/>
	<product_attribute_combination id="pac_2" id_attribute="S" id_product_attribute="pa_Braided_Belt_1"/>
	<product_attribute_combination id="pac_3" id_attribute="Black" id_product_attribute="pa_Braided_Belt_2"/>
	<product_attribute_combination id="pac_4" id_attribute="M" id_product_attribute="pa_Braided_Belt_2"/>
	<product_attribute_combination id="pac_5" id_attribute="Black" id_product_attribute="pa_Braided_Belt_3"/>
	<product_attribute_combination id="pac_6" id_attribute="L" id_product_attribute="pa_Braided_Belt_3"/>
	<product_attribute_combination id="pac_1" id_attribute="Grey" id_product_attribute="pa_Bucket_Hat_1"/>
	<product_attribute_combination id="pac_2" id_attribute="One_size" id_product_attribute="pa_Bucket_Hat_1"/>
	<product_attribute_combination id="pac_1" id_attribute="Black" id_product_attribute="pa_Floppy_Hat_1"/>
	<product_attribute_combination id="pac_2" id_attribute="One_size" id_product_attribute="pa_Floppy_Hat_1"/>
	<product_attribute_combination id="pac_1" id_attribute="Beige" id_product_attribute="pa_Men_Straw_Hat_1"/>
	<product_attribute_combination id="pac_2" id_attribute="One_size" id_product_attribute="pa_Men_Straw_Hat_1"/>
	<product_attribute_combination id="pac_1" id_attribute="Red" id_product_attribute="pa_Bowling_Bag_1"/>
	<product_attribute_combination id="pac_2" id_attribute="One_size" id_product_attribute="pa_Bowling_Bag_1"/>
	<product_attribute_combination id="pac_1" id_attribute="Beige" id_product_attribute="pa_Leather_Bag_1"/>
	<product_attribute_combination id="pac_2" id_attribute="One_size" id_product_attribute="pa_Leather_Bag_1"/>
	<product_attribute_combination id="pac_1" id_attribute="Black" id_product_attribute="pa_Snake_Skin_Bag_1"/>
	<product_attribute_combination id="pac_2" id_attribute="One_size" id_product_attribute="pa_Snake_Skin_Bag_1"/>
	<product_attribute_combination id="pac_1" id_attribute="Black" id_product_attribute="pa_Quilted_Bag_1"/>
	<product_attribute_combination id="pac_2" id_attribute="One_size" id_product_attribute="pa_Quilted_Bag_1"/>
	<product_attribute_combination id="pac_1" id_attribute="Camel" id_product_attribute="pa_Suede_Bag_1"/>
	<product_attribute_combination id="pac_2" id_attribute="One_size" id_product_attribute="pa_Suede_Bag_1"/>
	<product_attribute_combination id="pac_1" id_attribute="Taupe" id_product_attribute="pa_Wedge_Shoe_1"/>
	<product_attribute_combination id="pac_2" id_attribute="35" id_product_attribute="pa_Wedge_Shoe_1"/>
	<product_attribute_combination id="pac_3" id_attribute="Taupe" id_product_attribute="pa_Wedge_Shoe_2"/>
	<product_attribute_combination id="pac_4" id_attribute="36" id_product_attribute="pa_Wedge_Shoe_2"/>
	<product_attribute_combination id="pac_5" id_attribute="Taupe" id_product_attribute="pa_Wedge_Shoe_3"/>
	<product_attribute_combination id="pac_6" id_attribute="37" id_product_attribute="pa_Wedge_Shoe_3"/>
	<product_attribute_combination id="pac_7" id_attribute="Taupe" id_product_attribute="pa_Wedge_Shoe_4"/>
	<product_attribute_combination id="pac_8" id_attribute="38" id_product_attribute="pa_Wedge_Shoe_4"/>
	<product_attribute_combination id="pac_9" id_attribute="Taupe" id_product_attribute="pa_Wedge_Shoe_5"/>
	<product_attribute_combination id="pac_10" id_attribute="39" id_product_attribute="pa_Wedge_Shoe_5"/>
	<product_attribute_combination id="pac_11" id_attribute="Taupe" id_product_attribute="pa_Wedge_Shoe_6"/>
	<product_attribute_combination id="pac_12" id_attribute="40" id_product_attribute="pa_Wedge_Shoe_6"/>
</entities>
</entity_product_attribute_combination>
