<?xml version="1.0" encoding="UTF-8"?>
<entity_stock_available>
  <fields primary="id_stock_available" class="StockAvailable" null="1">
    <field name="id_product"/>
    <field name="id_product_attribute"/>
    <field name="id_shop"/>
    <field name="id_shop_group"/>
    <field name="quantity"/>
    <field name="depends_on_stock"/>
    <field name="out_of_stock"/>
  </fields>
  <entities>
    <stock_available id="stock_available_1" id_product="1" id_product_attribute="0" id_shop="1" id_shop_group="0" quantity="300" depends_on_stock="0" out_of_stock="2"/>
    <stock_available id="stock_available_2" id_product="2" id_product_attribute="0" id_shop="1" id_shop_group="0" quantity="300" depends_on_stock="0" out_of_stock="2"/>
    <stock_available id="stock_available_3" id_product="3" id_product_attribute="0" id_shop="1" id_shop_group="0" quantity="300" depends_on_stock="0" out_of_stock="2"/>
    <stock_available id="stock_available_4" id_product="4" id_product_attribute="0" id_shop="1" id_shop_group="0" quantity="300" depends_on_stock="0" out_of_stock="2"/>
    <stock_available id="stock_available_5" id_product="5" id_product_attribute="0" id_shop="1" id_shop_group="0" quantity="300" depends_on_stock="0" out_of_stock="2"/>
    <stock_available id="stock_available_6" id_product="6" id_product_attribute="0" id_shop="1" id_shop_group="0" quantity="300" depends_on_stock="0" out_of_stock="2"/>
    <stock_available id="stock_available_7" id_product="7" id_product_attribute="0" id_shop="1" id_shop_group="0" quantity="300" depends_on_stock="0" out_of_stock="2"/>
    <stock_available id="stock_available_8" id_product="8" id_product_attribute="0" id_shop="1" id_shop_group="0" quantity="300" depends_on_stock="0" out_of_stock="2"/>
    <stock_available id="stock_available_9" id_product="9" id_product_attribute="0" id_shop="1" id_shop_group="0" quantity="300" depends_on_stock="0" out_of_stock="2"/>
    <stock_available id="stock_available_10" id_product="10" id_product_attribute="0" id_shop="1" id_shop_group="0" quantity="300" depends_on_stock="0" out_of_stock="2"/>
    <stock_available id="stock_available_11" id_product="11" id_product_attribute="0" id_shop="1" id_shop_group="0" quantity="300" depends_on_stock="0" out_of_stock="2"/>
    <stock_available id="stock_available_12" id_product="12" id_product_attribute="0" id_shop="1" id_shop_group="0" quantity="300" depends_on_stock="0" out_of_stock="2"/>
    <stock_available id="stock_available_13" id_product="13" id_product_attribute="0" id_shop="1" id_shop_group="0" quantity="300" depends_on_stock="0" out_of_stock="2"/>
    <stock_available id="stock_available_14" id_product="14" id_product_attribute="0" id_shop="1" id_shop_group="0" quantity="300" depends_on_stock="0" out_of_stock="2"/>
    <stock_available id="stock_available_15" id_product="15" id_product_attribute="0" id_shop="1" id_shop_group="0" quantity="300" depends_on_stock="0" out_of_stock="2"/>
    <stock_available id="stock_available_16" id_product="16" id_product_attribute="0" id_shop="1" id_shop_group="0" quantity="300" depends_on_stock="0" out_of_stock="2"/>
    <stock_available id="stock_available_17" id_product="17" id_product_attribute="0" id_shop="1" id_shop_group="0" quantity="300" depends_on_stock="0" out_of_stock="2"/>
    <stock_available id="stock_available_18" id_product="18" id_product_attribute="0" id_shop="1" id_shop_group="0" quantity="300" depends_on_stock="0" out_of_stock="2"/>
    <stock_available id="stock_available_19" id_product="19" id_product_attribute="0" id_shop="1" id_shop_group="0" quantity="300" depends_on_stock="0" out_of_stock="2"/>
    <stock_available id="stock_available_20" id_product="20" id_product_attribute="0" id_shop="1" id_shop_group="0" quantity="300" depends_on_stock="0" out_of_stock="2"/>
    <stock_available id="stock_available_21" id_product="21" id_product_attribute="0" id_shop="1" id_shop_group="0" quantity="300" depends_on_stock="0" out_of_stock="2"/>
    <stock_available id="stock_available_22" id_product="22" id_product_attribute="0" id_shop="1" id_shop_group="0" quantity="300" depends_on_stock="0" out_of_stock="2"/>
    <stock_available id="stock_available_23" id_product="23" id_product_attribute="0" id_shop="1" id_shop_group="0" quantity="300" depends_on_stock="0" out_of_stock="2"/>
    <stock_available id="stock_available_24" id_product="24" id_product_attribute="0" id_shop="1" id_shop_group="0" quantity="300" depends_on_stock="0" out_of_stock="2"/>
    <stock_available id="stock_available_25" id_product="25" id_product_attribute="0" id_shop="1" id_shop_group="0" quantity="300" depends_on_stock="0" out_of_stock="2"/>
    <stock_available id="stock_available_26" id_product="26" id_product_attribute="0" id_shop="1" id_shop_group="0" quantity="300" depends_on_stock="0" out_of_stock="2"/>
    <stock_available id="stock_available_27" id_product="27" id_product_attribute="0" id_shop="1" id_shop_group="0" quantity="300" depends_on_stock="0" out_of_stock="2"/>
    <stock_available id="stock_available_28" id_product="28" id_product_attribute="0" id_shop="1" id_shop_group="0" quantity="300" depends_on_stock="0" out_of_stock="2"/>
    <stock_available id="stock_available_29" id_product="29" id_product_attribute="0" id_shop="1" id_shop_group="0" quantity="300" depends_on_stock="0" out_of_stock="2"/>
    <stock_available id="stock_available_30" id_product="30" id_product_attribute="0" id_shop="1" id_shop_group="0" quantity="300" depends_on_stock="0" out_of_stock="2"/>
    <stock_available id="stock_available_31" id_product="31" id_product_attribute="0" id_shop="1" id_shop_group="0" quantity="300" depends_on_stock="0" out_of_stock="2"/>
    <stock_available id="stock_available_32" id_product="32" id_product_attribute="0" id_shop="1" id_shop_group="0" quantity="300" depends_on_stock="0" out_of_stock="2"/>
    <stock_available id="stock_available_33" id_product="33" id_product_attribute="0" id_shop="1" id_shop_group="0" quantity="300" depends_on_stock="0" out_of_stock="2"/>
    <stock_available id="stock_available_34" id_product="34" id_product_attribute="0" id_shop="1" id_shop_group="0" quantity="300" depends_on_stock="0" out_of_stock="2"/>
    <stock_available id="stock_available_35" id_product="35" id_product_attribute="0" id_shop="1" id_shop_group="0" quantity="300" depends_on_stock="0" out_of_stock="2"/>
    <stock_available id="stock_available_36" id_product="36" id_product_attribute="0" id_shop="1" id_shop_group="0" quantity="300" depends_on_stock="0" out_of_stock="2"/>
    <stock_available id="stock_available_37" id_product="37" id_product_attribute="0" id_shop="1" id_shop_group="0" quantity="300" depends_on_stock="0" out_of_stock="2"/>
    <stock_available id="stock_available_38" id_product="38" id_product_attribute="0" id_shop="1" id_shop_group="0" quantity="300" depends_on_stock="0" out_of_stock="2"/>
    <stock_available id="stock_available_39" id_product="39" id_product_attribute="0" id_shop="1" id_shop_group="0" quantity="300" depends_on_stock="0" out_of_stock="2"/>
    <stock_available id="stock_available_40" id_product="40" id_product_attribute="0" id_shop="1" id_shop_group="0" quantity="300" depends_on_stock="0" out_of_stock="2"/>
    <stock_available id="stock_available_41" id_product="41" id_product_attribute="0" id_shop="1" id_shop_group="0" quantity="300" depends_on_stock="0" out_of_stock="2"/>
    <stock_available id="stock_available_42" id_product="42" id_product_attribute="0" id_shop="1" id_shop_group="0" quantity="300" depends_on_stock="0" out_of_stock="2"/>
    <stock_available id="stock_available_43" id_product="1" id_product_attribute="1" id_shop="1" id_shop_group="0" quantity="300" depends_on_stock="0" out_of_stock="2"/>
    <stock_available id="stock_available_44" id_product="1" id_product_attribute="2" id_shop="1" id_shop_group="0" quantity="300" depends_on_stock="0" out_of_stock="2"/>
    <stock_available id="stock_available_45" id_product="1" id_product_attribute="3" id_shop="1" id_shop_group="0" quantity="300" depends_on_stock="0" out_of_stock="2"/>
    <stock_available id="stock_available_46" id_product="2" id_product_attribute="4" id_shop="1" id_shop_group="0" quantity="300" depends_on_stock="0" out_of_stock="2"/>
    <stock_available id="stock_available_47" id_product="2" id_product_attribute="5" id_shop="1" id_shop_group="0" quantity="300" depends_on_stock="0" out_of_stock="2"/>
    <stock_available id="stock_available_48" id_product="2" id_product_attribute="6" id_shop="1" id_shop_group="0" quantity="300" depends_on_stock="0" out_of_stock="2"/>
    <stock_available id="stock_available_49" id_product="3" id_product_attribute="7" id_shop="1" id_shop_group="0" quantity="300" depends_on_stock="0" out_of_stock="2"/>
    <stock_available id="stock_available_50" id_product="3" id_product_attribute="8" id_shop="1" id_shop_group="0" quantity="300" depends_on_stock="0" out_of_stock="2"/>
    <stock_available id="stock_available_51" id_product="3" id_product_attribute="9" id_shop="1" id_shop_group="0" quantity="300" depends_on_stock="0" out_of_stock="2"/>
    <stock_available id="stock_available_52" id_product="4" id_product_attribute="10" id_shop="1" id_shop_group="0" quantity="300" depends_on_stock="0" out_of_stock="2"/>
    <stock_available id="stock_available_53" id_product="4" id_product_attribute="11" id_shop="1" id_shop_group="0" quantity="300" depends_on_stock="0" out_of_stock="2"/>
    <stock_available id="stock_available_54" id_product="4" id_product_attribute="12" id_shop="1" id_shop_group="0" quantity="300" depends_on_stock="0" out_of_stock="2"/>
    <stock_available id="stock_available_55" id_product="5" id_product_attribute="13" id_shop="1" id_shop_group="0" quantity="300" depends_on_stock="0" out_of_stock="2"/>
    <stock_available id="stock_available_56" id_product="5" id_product_attribute="14" id_shop="1" id_shop_group="0" quantity="300" depends_on_stock="0" out_of_stock="2"/>
    <stock_available id="stock_available_57" id_product="5" id_product_attribute="15" id_shop="1" id_shop_group="0" quantity="300" depends_on_stock="0" out_of_stock="2"/>
    <stock_available id="stock_available_58" id_product="6" id_product_attribute="16" id_shop="1" id_shop_group="0" quantity="300" depends_on_stock="0" out_of_stock="2"/>
    <stock_available id="stock_available_59" id_product="6" id_product_attribute="17" id_shop="1" id_shop_group="0" quantity="300" depends_on_stock="0" out_of_stock="2"/>
    <stock_available id="stock_available_60" id_product="6" id_product_attribute="18" id_shop="1" id_shop_group="0" quantity="300" depends_on_stock="0" out_of_stock="2"/>
    <stock_available id="stock_available_61" id_product="7" id_product_attribute="19" id_shop="1" id_shop_group="0" quantity="300" depends_on_stock="0" out_of_stock="2"/>
    <stock_available id="stock_available_62" id_product="7" id_product_attribute="20" id_shop="1" id_shop_group="0" quantity="300" depends_on_stock="0" out_of_stock="2"/>
    <stock_available id="stock_available_63" id_product="7" id_product_attribute="21" id_shop="1" id_shop_group="0" quantity="300" depends_on_stock="0" out_of_stock="2"/>
    <stock_available id="stock_available_64" id_product="8" id_product_attribute="22" id_shop="1" id_shop_group="0" quantity="300" depends_on_stock="0" out_of_stock="2"/>
    <stock_available id="stock_available_65" id_product="8" id_product_attribute="23" id_shop="1" id_shop_group="0" quantity="300" depends_on_stock="0" out_of_stock="2"/>
    <stock_available id="stock_available_66" id_product="8" id_product_attribute="24" id_shop="1" id_shop_group="0" quantity="300" depends_on_stock="0" out_of_stock="2"/>
    <stock_available id="stock_available_67" id_product="9" id_product_attribute="25" id_shop="1" id_shop_group="0" quantity="300" depends_on_stock="0" out_of_stock="2"/>
    <stock_available id="stock_available_68" id_product="9" id_product_attribute="26" id_shop="1" id_shop_group="0" quantity="300" depends_on_stock="0" out_of_stock="2"/>
    <stock_available id="stock_available_69" id_product="9" id_product_attribute="27" id_shop="1" id_shop_group="0" quantity="300" depends_on_stock="0" out_of_stock="2"/>
    <stock_available id="stock_available_70" id_product="10" id_product_attribute="28" id_shop="1" id_shop_group="0" quantity="300" depends_on_stock="0" out_of_stock="2"/>
    <stock_available id="stock_available_71" id_product="10" id_product_attribute="29" id_shop="1" id_shop_group="0" quantity="300" depends_on_stock="0" out_of_stock="2"/>
    <stock_available id="stock_available_72" id_product="10" id_product_attribute="30" id_shop="1" id_shop_group="0" quantity="300" depends_on_stock="0" out_of_stock="2"/>
    <stock_available id="stock_available_73" id_product="11" id_product_attribute="31" id_shop="1" id_shop_group="0" quantity="300" depends_on_stock="0" out_of_stock="2"/>
    <stock_available id="stock_available_74" id_product="11" id_product_attribute="32" id_shop="1" id_shop_group="0" quantity="300" depends_on_stock="0" out_of_stock="2"/>
    <stock_available id="stock_available_75" id_product="11" id_product_attribute="33" id_shop="1" id_shop_group="0" quantity="300" depends_on_stock="0" out_of_stock="2"/>
    <stock_available id="stock_available_76" id_product="12" id_product_attribute="34" id_shop="1" id_shop_group="0" quantity="300" depends_on_stock="0" out_of_stock="2"/>
    <stock_available id="stock_available_77" id_product="12" id_product_attribute="35" id_shop="1" id_shop_group="0" quantity="300" depends_on_stock="0" out_of_stock="2"/>
    <stock_available id="stock_available_78" id_product="12" id_product_attribute="36" id_shop="1" id_shop_group="0" quantity="300" depends_on_stock="0" out_of_stock="2"/>
    <stock_available id="stock_available_79" id_product="12" id_product_attribute="37" id_shop="1" id_shop_group="0" quantity="300" depends_on_stock="0" out_of_stock="2"/>
    <stock_available id="stock_available_80" id_product="12" id_product_attribute="38" id_shop="1" id_shop_group="0" quantity="300" depends_on_stock="0" out_of_stock="2"/>
    <stock_available id="stock_available_81" id_product="12" id_product_attribute="39" id_shop="1" id_shop_group="0" quantity="300" depends_on_stock="0" out_of_stock="2"/>
    <stock_available id="stock_available_82" id_product="13" id_product_attribute="40" id_shop="1" id_shop_group="0" quantity="300" depends_on_stock="0" out_of_stock="2"/>
    <stock_available id="stock_available_83" id_product="13" id_product_attribute="41" id_shop="1" id_shop_group="0" quantity="300" depends_on_stock="0" out_of_stock="2"/>
    <stock_available id="stock_available_84" id_product="13" id_product_attribute="42" id_shop="1" id_shop_group="0" quantity="300" depends_on_stock="0" out_of_stock="2"/>
    <stock_available id="stock_available_85" id_product="14" id_product_attribute="43" id_shop="1" id_shop_group="0" quantity="300" depends_on_stock="0" out_of_stock="2"/>
    <stock_available id="stock_available_86" id_product="14" id_product_attribute="44" id_shop="1" id_shop_group="0" quantity="300" depends_on_stock="0" out_of_stock="2"/>
    <stock_available id="stock_available_87" id_product="14" id_product_attribute="45" id_shop="1" id_shop_group="0" quantity="300" depends_on_stock="0" out_of_stock="2"/>
    <stock_available id="stock_available_88" id_product="14" id_product_attribute="46" id_shop="1" id_shop_group="0" quantity="300" depends_on_stock="0" out_of_stock="2"/>
    <stock_available id="stock_available_89" id_product="14" id_product_attribute="47" id_shop="1" id_shop_group="0" quantity="300" depends_on_stock="0" out_of_stock="2"/>
    <stock_available id="stock_available_90" id_product="14" id_product_attribute="48" id_shop="1" id_shop_group="0" quantity="300" depends_on_stock="0" out_of_stock="2"/>
    <stock_available id="stock_available_91" id_product="15" id_product_attribute="49" id_shop="1" id_shop_group="0" quantity="300" depends_on_stock="0" out_of_stock="2"/>
    <stock_available id="stock_available_92" id_product="15" id_product_attribute="50" id_shop="1" id_shop_group="0" quantity="300" depends_on_stock="0" out_of_stock="2"/>
    <stock_available id="stock_available_93" id_product="15" id_product_attribute="51" id_shop="1" id_shop_group="0" quantity="300" depends_on_stock="0" out_of_stock="2"/>
    <stock_available id="stock_available_94" id_product="16" id_product_attribute="52" id_shop="1" id_shop_group="0" quantity="300" depends_on_stock="0" out_of_stock="2"/>
    <stock_available id="stock_available_95" id_product="16" id_product_attribute="53" id_shop="1" id_shop_group="0" quantity="300" depends_on_stock="0" out_of_stock="2"/>
    <stock_available id="stock_available_96" id_product="16" id_product_attribute="54" id_shop="1" id_shop_group="0" quantity="300" depends_on_stock="0" out_of_stock="2"/>
    <stock_available id="stock_available_97" id_product="17" id_product_attribute="55" id_shop="1" id_shop_group="0" quantity="300" depends_on_stock="0" out_of_stock="2"/>
    <stock_available id="stock_available_98" id_product="17" id_product_attribute="56" id_shop="1" id_shop_group="0" quantity="300" depends_on_stock="0" out_of_stock="2"/>
    <stock_available id="stock_available_99" id_product="17" id_product_attribute="57" id_shop="1" id_shop_group="0" quantity="300" depends_on_stock="0" out_of_stock="2"/>
    <stock_available id="stock_available_100" id_product="18" id_product_attribute="58" id_shop="1" id_shop_group="0" quantity="300" depends_on_stock="0" out_of_stock="2"/>
    <stock_available id="stock_available_101" id_product="18" id_product_attribute="59" id_shop="1" id_shop_group="0" quantity="300" depends_on_stock="0" out_of_stock="2"/>
    <stock_available id="stock_available_102" id_product="18" id_product_attribute="60" id_shop="1" id_shop_group="0" quantity="300" depends_on_stock="0" out_of_stock="2"/>
    <stock_available id="stock_available_103" id_product="19" id_product_attribute="61" id_shop="1" id_shop_group="0" quantity="300" depends_on_stock="0" out_of_stock="2"/>
    <stock_available id="stock_available_104" id_product="19" id_product_attribute="62" id_shop="1" id_shop_group="0" quantity="300" depends_on_stock="0" out_of_stock="2"/>
    <stock_available id="stock_available_105" id_product="19" id_product_attribute="63" id_shop="1" id_shop_group="0" quantity="300" depends_on_stock="0" out_of_stock="2"/>
    <stock_available id="stock_available_106" id_product="20" id_product_attribute="64" id_shop="1" id_shop_group="0" quantity="300" depends_on_stock="0" out_of_stock="2"/>
    <stock_available id="stock_available_107" id_product="20" id_product_attribute="65" id_shop="1" id_shop_group="0" quantity="300" depends_on_stock="0" out_of_stock="2"/>
    <stock_available id="stock_available_108" id_product="20" id_product_attribute="66" id_shop="1" id_shop_group="0" quantity="300" depends_on_stock="0" out_of_stock="2"/>
    <stock_available id="stock_available_109" id_product="21" id_product_attribute="67" id_shop="1" id_shop_group="0" quantity="300" depends_on_stock="0" out_of_stock="2"/>
    <stock_available id="stock_available_110" id_product="21" id_product_attribute="68" id_shop="1" id_shop_group="0" quantity="300" depends_on_stock="0" out_of_stock="2"/>
    <stock_available id="stock_available_111" id_product="21" id_product_attribute="69" id_shop="1" id_shop_group="0" quantity="300" depends_on_stock="0" out_of_stock="2"/>
    <stock_available id="stock_available_112" id_product="22" id_product_attribute="70" id_shop="1" id_shop_group="0" quantity="300" depends_on_stock="0" out_of_stock="2"/>
    <stock_available id="stock_available_113" id_product="22" id_product_attribute="71" id_shop="1" id_shop_group="0" quantity="300" depends_on_stock="0" out_of_stock="2"/>
    <stock_available id="stock_available_114" id_product="22" id_product_attribute="72" id_shop="1" id_shop_group="0" quantity="300" depends_on_stock="0" out_of_stock="2"/>
    <stock_available id="stock_available_115" id_product="23" id_product_attribute="73" id_shop="1" id_shop_group="0" quantity="300" depends_on_stock="0" out_of_stock="2"/>
    <stock_available id="stock_available_116" id_product="23" id_product_attribute="74" id_shop="1" id_shop_group="0" quantity="300" depends_on_stock="0" out_of_stock="2"/>
    <stock_available id="stock_available_117" id_product="23" id_product_attribute="75" id_shop="1" id_shop_group="0" quantity="300" depends_on_stock="0" out_of_stock="2"/>
    <stock_available id="stock_available_118" id_product="24" id_product_attribute="76" id_shop="1" id_shop_group="0" quantity="300" depends_on_stock="0" out_of_stock="2"/>
    <stock_available id="stock_available_119" id_product="24" id_product_attribute="77" id_shop="1" id_shop_group="0" quantity="300" depends_on_stock="0" out_of_stock="2"/>
    <stock_available id="stock_available_120" id_product="24" id_product_attribute="78" id_shop="1" id_shop_group="0" quantity="300" depends_on_stock="0" out_of_stock="2"/>
    <stock_available id="stock_available_121" id_product="25" id_product_attribute="79" id_shop="1" id_shop_group="0" quantity="300" depends_on_stock="0" out_of_stock="2"/>
    <stock_available id="stock_available_122" id_product="25" id_product_attribute="80" id_shop="1" id_shop_group="0" quantity="300" depends_on_stock="0" out_of_stock="2"/>
    <stock_available id="stock_available_123" id_product="25" id_product_attribute="81" id_shop="1" id_shop_group="0" quantity="300" depends_on_stock="0" out_of_stock="2"/>
    <stock_available id="stock_available_124" id_product="26" id_product_attribute="82" id_shop="1" id_shop_group="0" quantity="300" depends_on_stock="0" out_of_stock="2"/>
    <stock_available id="stock_available_125" id_product="26" id_product_attribute="83" id_shop="1" id_shop_group="0" quantity="300" depends_on_stock="0" out_of_stock="2"/>
    <stock_available id="stock_available_126" id_product="26" id_product_attribute="84" id_shop="1" id_shop_group="0" quantity="300" depends_on_stock="0" out_of_stock="2"/>
    <stock_available id="stock_available_127" id_product="27" id_product_attribute="85" id_shop="1" id_shop_group="0" quantity="300" depends_on_stock="0" out_of_stock="2"/>
    <stock_available id="stock_available_128" id_product="27" id_product_attribute="86" id_shop="1" id_shop_group="0" quantity="300" depends_on_stock="0" out_of_stock="2"/>
    <stock_available id="stock_available_129" id_product="27" id_product_attribute="87" id_shop="1" id_shop_group="0" quantity="300" depends_on_stock="0" out_of_stock="2"/>
    <stock_available id="stock_available_130" id_product="28" id_product_attribute="88" id_shop="1" id_shop_group="0" quantity="300" depends_on_stock="0" out_of_stock="2"/>
    <stock_available id="stock_available_131" id_product="28" id_product_attribute="89" id_shop="1" id_shop_group="0" quantity="300" depends_on_stock="0" out_of_stock="2"/>
    <stock_available id="stock_available_132" id_product="28" id_product_attribute="90" id_shop="1" id_shop_group="0" quantity="300" depends_on_stock="0" out_of_stock="2"/>
    <stock_available id="stock_available_133" id_product="28" id_product_attribute="91" id_shop="1" id_shop_group="0" quantity="300" depends_on_stock="0" out_of_stock="2"/>
    <stock_available id="stock_available_134" id_product="28" id_product_attribute="92" id_shop="1" id_shop_group="0" quantity="300" depends_on_stock="0" out_of_stock="2"/>
    <stock_available id="stock_available_135" id_product="28" id_product_attribute="93" id_shop="1" id_shop_group="0" quantity="300" depends_on_stock="0" out_of_stock="2"/>
    <stock_available id="stock_available_136" id_product="28" id_product_attribute="94" id_shop="1" id_shop_group="0" quantity="300" depends_on_stock="0" out_of_stock="2"/>
    <stock_available id="stock_available_137" id_product="28" id_product_attribute="95" id_shop="1" id_shop_group="0" quantity="300" depends_on_stock="0" out_of_stock="2"/>
    <stock_available id="stock_available_138" id_product="28" id_product_attribute="96" id_shop="1" id_shop_group="0" quantity="300" depends_on_stock="0" out_of_stock="2"/>
    <stock_available id="stock_available_139" id_product="28" id_product_attribute="97" id_shop="1" id_shop_group="0" quantity="300" depends_on_stock="0" out_of_stock="2"/>
    <stock_available id="stock_available_140" id_product="28" id_product_attribute="98" id_shop="1" id_shop_group="0" quantity="300" depends_on_stock="0" out_of_stock="2"/>
    <stock_available id="stock_available_141" id_product="28" id_product_attribute="99" id_shop="1" id_shop_group="0" quantity="300" depends_on_stock="0" out_of_stock="2"/>
    <stock_available id="stock_available_142" id_product="29" id_product_attribute="100" id_shop="1" id_shop_group="0" quantity="300" depends_on_stock="0" out_of_stock="2"/>
    <stock_available id="stock_available_143" id_product="29" id_product_attribute="101" id_shop="1" id_shop_group="0" quantity="300" depends_on_stock="0" out_of_stock="2"/>
    <stock_available id="stock_available_144" id_product="29" id_product_attribute="102" id_shop="1" id_shop_group="0" quantity="300" depends_on_stock="0" out_of_stock="2"/>
    <stock_available id="stock_available_145" id_product="30" id_product_attribute="103" id_shop="1" id_shop_group="0" quantity="300" depends_on_stock="0" out_of_stock="2"/>
    <stock_available id="stock_available_146" id_product="30" id_product_attribute="104" id_shop="1" id_shop_group="0" quantity="300" depends_on_stock="0" out_of_stock="2"/>
    <stock_available id="stock_available_147" id_product="30" id_product_attribute="105" id_shop="1" id_shop_group="0" quantity="300" depends_on_stock="0" out_of_stock="2"/>
    <stock_available id="stock_available_148" id_product="31" id_product_attribute="106" id_shop="1" id_shop_group="0" quantity="300" depends_on_stock="0" out_of_stock="2"/>
    <stock_available id="stock_available_149" id_product="31" id_product_attribute="107" id_shop="1" id_shop_group="0" quantity="300" depends_on_stock="0" out_of_stock="2"/>
    <stock_available id="stock_available_150" id_product="31" id_product_attribute="108" id_shop="1" id_shop_group="0" quantity="300" depends_on_stock="0" out_of_stock="2"/>
    <stock_available id="stock_available_151" id_product="32" id_product_attribute="109" id_shop="1" id_shop_group="0" quantity="300" depends_on_stock="0" out_of_stock="2"/>
    <stock_available id="stock_available_152" id_product="32" id_product_attribute="110" id_shop="1" id_shop_group="0" quantity="300" depends_on_stock="0" out_of_stock="2"/>
    <stock_available id="stock_available_153" id_product="32" id_product_attribute="111" id_shop="1" id_shop_group="0" quantity="300" depends_on_stock="0" out_of_stock="2"/>
    <stock_available id="stock_available_154" id_product="33" id_product_attribute="112" id_shop="1" id_shop_group="0" quantity="300" depends_on_stock="0" out_of_stock="2"/>
    <stock_available id="stock_available_155" id_product="33" id_product_attribute="113" id_shop="1" id_shop_group="0" quantity="300" depends_on_stock="0" out_of_stock="2"/>
    <stock_available id="stock_available_156" id_product="33" id_product_attribute="114" id_shop="1" id_shop_group="0" quantity="300" depends_on_stock="0" out_of_stock="2"/>
    <stock_available id="stock_available_157" id_product="34" id_product_attribute="115" id_shop="1" id_shop_group="0" quantity="300" depends_on_stock="0" out_of_stock="2"/>
    <stock_available id="stock_available_158" id_product="35" id_product_attribute="116" id_shop="1" id_shop_group="0" quantity="300" depends_on_stock="0" out_of_stock="2"/>
    <stock_available id="stock_available_159" id_product="36" id_product_attribute="117" id_shop="1" id_shop_group="0" quantity="300" depends_on_stock="0" out_of_stock="2"/>
    <stock_available id="stock_available_160" id_product="37" id_product_attribute="118" id_shop="1" id_shop_group="0" quantity="300" depends_on_stock="0" out_of_stock="2"/>
    <stock_available id="stock_available_161" id_product="38" id_product_attribute="119" id_shop="1" id_shop_group="0" quantity="300" depends_on_stock="0" out_of_stock="2"/>
    <stock_available id="stock_available_162" id_product="39" id_product_attribute="120" id_shop="1" id_shop_group="0" quantity="300" depends_on_stock="0" out_of_stock="2"/>
    <stock_available id="stock_available_163" id_product="40" id_product_attribute="121" id_shop="1" id_shop_group="0" quantity="300" depends_on_stock="0" out_of_stock="2"/>
    <stock_available id="stock_available_164" id_product="41" id_product_attribute="122" id_shop="1" id_shop_group="0" quantity="300" depends_on_stock="0" out_of_stock="2"/>
    <stock_available id="stock_available_165" id_product="42" id_product_attribute="123" id_shop="1" id_shop_group="0" quantity="300" depends_on_stock="0" out_of_stock="2"/>
    <stock_available id="stock_available_166" id_product="42" id_product_attribute="124" id_shop="1" id_shop_group="0" quantity="300" depends_on_stock="0" out_of_stock="2"/>
    <stock_available id="stock_available_167" id_product="42" id_product_attribute="125" id_shop="1" id_shop_group="0" quantity="300" depends_on_stock="0" out_of_stock="2"/>
    <stock_available id="stock_available_168" id_product="42" id_product_attribute="126" id_shop="1" id_shop_group="0" quantity="300" depends_on_stock="0" out_of_stock="2"/>
    <stock_available id="stock_available_169" id_product="42" id_product_attribute="127" id_shop="1" id_shop_group="0" quantity="300" depends_on_stock="0" out_of_stock="2"/>
    <stock_available id="stock_available_170" id_product="42" id_product_attribute="128" id_shop="1" id_shop_group="0" quantity="300" depends_on_stock="0" out_of_stock="2"/>
  </entities>
</entity_stock_available>
