<?xml version="1.0" encoding="UTF-8" ?>
<localizationPack name="Colombia" version="1.0">
	<currencies>
		<currency name="Peso" iso_code="COP" iso_code_num="170" sign="$" blank="1" conversion_rate="2457.29" format="2" decimals="1" />
	</currencies>
	<languages>
		<language iso_code="es" />
	</languages>
	<taxes>
		<tax id="1" name="IVA CO 16%" rate="16" />
		
		<taxRulesGroup name="CO Standard Rate (16%)">
			<taxRule iso_code_country="co" id_tax="1" />
		</taxRulesGroup>
	</taxes>
	<units>
		<unit type="weight" value="kg" />
		<unit type="volume" value="L" />
		<unit type="short_distance" value="cm" />
		<unit type="base_distance" value="m" />
		<unit type="long_distance" value="km" />
	</units>
</localizationPack>
