<?xml version="1.0" encoding="UTF-8" ?>
<localizationPack name="Guyana" version="1.0">
	<currencies>
		<currency name="Dollar" iso_code="GYD" iso_code_num="328" sign="$" blank="0" conversion_rate="276.712" format="1" decimals="1" />
	</currencies>
	<languages>
		<language iso_code="es" />
		<language iso_code="pt" />
	</languages>
	<taxes>
		<tax id="1" name="VAT GY 16%" rate="16" />
		
		<taxRulesGroup name="GY Standard Rate (16%)">
			<taxRule iso_code_country="gy" id_tax="1" />
		</taxRulesGroup>
	</taxes>
	<units>
		<unit type="weight" value="kg" />
		<unit type="volume" value="L" />
		<unit type="short_distance" value="in" />
		<unit type="base_distance" value="ft" />
		<unit type="long_distance" value="mi" />
	</units>
</localizationPack>
