<?xml version="1.0" encoding="UTF-8"?>
<modules_list>
	<modules type="native">
		<module name="autoupgrade"/>
		<module name="bankwire"/>
		<module name="blockadvertising"/>
		<module name="blockbestsellers"/>
		<module name="blockcart"/>
		<module name="blockcategories"/>
		<module name="blockcms"/>
		<module name="blockcurrencies"/>
		<module name="blocklanguages"/>
		<module name="blocklayered"/>
		<module name="blocklink"/>
		<module name="blockmanufacturer"/>
		<module name="blockmyaccount"/>
		<module name="blocknewproducts"/>
		<module name="blocknewsletter"/>
		<module name="blockpaymentlogo"/>
		<module name="blockpermanentlinks"/>
		<module name="blockrss"/>
		<module name="blocksearch"/>
		<module name="blockspecials"/>
		<module name="blockstore"/>
		<module name="blocksupplier"/>
		<module name="blocktags"/>
		<module name="blockuserinfo"/>
		<module name="blockviewed"/>
		<module name="blockwishlist"/>
		<module name="cashondelivery"/>
		<module name="carriercompare"/>
		<module name="cheque"/>
		<module name="crossselling"/>
		<module name="dateofdelivery"/>
		<module name="editorial"/>
		<module name="feeder"/>
		<module name="followup"/>
		<module name="gadsense"/>
		<module name="ganalytics"/>
		<module name="gcheckout"/>
		<module name="graphartichow"/>
		<module name="graphgooglechart"/>
		<module name="graphvisifire"/>
		<module name="graphxmlswfcharts"/>
		<module name="gridhtml"/>
		<module name="gsitemap"/>
		<module name="homefeatured"/>
		<module name="importerosc"/>
		<module name="livezilla"/>
		<module name="loyalty"/>
		<module name="mailalerts"/>
		<module name="newsletter"/>
		<module name="pagesnotfound"/>
		<module name="prestafraud"/>
		<module name="productcomments"/>
		<module name="productscategory"/>
		<module name="producttooltip"/>
		<module name="referralprogram"/>
		<module name="sekeywords"/>
		<module name="sendtoafriend"/>
		<module name="shopimporter"/>
		<module name="statsbestcategories"/>
		<module name="statsbestcustomers"/>
		<module name="statsbestmanufacturers"/>
		<module name="statsbestproducts"/>
		<module name="statsbestsuppliers"/>
		<module name="statsbestvouchers"/>
		<module name="statscarrier"/>
		<module name="statscatalog"/>
		<module name="statscheckup"/>
		<module name="statsdata"/>
		<module name="statsequipment"/>
		<module name="statsforecast"/>
		<module name="statsgeolocation"/>
		<module name="statslive"/>
		<module name="statsnewsletter"/>
		<module name="statsorigin"/>
		<module name="statspersonalinfos"/>
		<module name="statsproduct"/>
		<module name="statsregistrations"/>
		<module name="statssales"/>
		<module name="statssearch"/>
		<module name="statsstock"/>
		<module name="statsvisits"/>
		<module name="themeinstallator"/>
		<module name="tm4b"/>
		<module name="trackingfront"/>
		<module name="upscarrier"/>
		<module name="vatnumber"/>
		<module name="watermark"/>
	</modules>
	<modules type="partner">
		<module name="authorizeaim"/>
		<module name="cashticket"/>
		<module name="criteo"/>
		<module name="dejala"/>
		<module name="dibs"/>
	  <module name="ebay"/> 
		<module name="envoimoinscher"/>
		<module name="ekomi"/>
		<module name="fedexcarrier"/>
		<module name="fianetfraud"/>
		<module name="fianetsceau"/>
		<module name="hipay"/>
		<module name="iadvize"/>
		<module name="moneybookers"/>
		<module name="mondialrelay"/>
		<module name="ogone"/>
		<module name="paysafecard"/>
		<module name="paypal"/>
		<module name="reverso"/>
		<module name="secuvad"/>
		<module name="socolissimo"/>
		<module name="treepodia"/>
		<module name="trustedshops"/>
		<module name="twenga"/>
		<module name="uspscarrier"/>
	</modules>
</modules_list>
