<?xml version="1.0" encoding="UTF-8" ?>
<localizationPack name="Spain" version="1.0">
	<currencies>
		<currency name="Euro" iso_code="EUR" iso_code_num="978" sign="€" blank="1" conversion_rate="1.00" format="2" decimals="1" />
	</currencies>
	<languages>
		<language iso_code="ca" />
		<language iso_code="es" />
		<language iso_code="gl" />
	</languages>
	<taxes>
		<tax id="1" name="IVA ES 18%" rate="18" />
		<tax id="2" name="IVA ES 8%" rate="8" />
		<tax id="3" name="IVA ES 4%" rate="4" />
		
		<taxRulesGroup name="ES Standard rate (18%)">
            <taxRule iso_code_country="be" id_tax="1" />
            <taxRule iso_code_country="bg" id_tax="1" />
            <taxRule iso_code_country="cz" id_tax="1" />
            <taxRule iso_code_country="dk" id_tax="1" />
            <taxRule iso_code_country="de" id_tax="1" />
            <taxRule iso_code_country="ee" id_tax="1" />
            <taxRule iso_code_country="gr" id_tax="1" />
            <taxRule iso_code_country="es" id_tax="1" />
            <taxRule iso_code_country="fr" id_tax="1" />
            <taxRule iso_code_country="ie" id_tax="1" />
            <taxRule iso_code_country="it" id_tax="1" />
            <taxRule iso_code_country="cy" id_tax="1" />
            <taxRule iso_code_country="lv" id_tax="1" />
            <taxRule iso_code_country="lt" id_tax="1" />
            <taxRule iso_code_country="lu" id_tax="1" />
            <taxRule iso_code_country="hu" id_tax="1" />
            <taxRule iso_code_country="mt" id_tax="1" />
            <taxRule iso_code_country="nl" id_tax="1" />
            <taxRule iso_code_country="at" id_tax="1" />
            <taxRule iso_code_country="pl" id_tax="1" />
            <taxRule iso_code_country="pt" id_tax="1" />
            <taxRule iso_code_country="ro" id_tax="1" />
            <taxRule iso_code_country="si" id_tax="1" />
            <taxRule iso_code_country="sk" id_tax="1" />
            <taxRule iso_code_country="fi" id_tax="1" />
            <taxRule iso_code_country="se" id_tax="1" />
            <taxRule iso_code_country="uk" id_tax="1" />
        </taxRulesGroup>
        
        <taxRulesGroup name="ES Reduced Rate (8%)">
            <taxRule iso_code_country="be" id_tax="2" />
            <taxRule iso_code_country="bg" id_tax="2" />
            <taxRule iso_code_country="cz" id_tax="2" />
            <taxRule iso_code_country="dk" id_tax="2" />
            <taxRule iso_code_country="de" id_tax="2" />
            <taxRule iso_code_country="ee" id_tax="2" />
            <taxRule iso_code_country="gr" id_tax="2" />
            <taxRule iso_code_country="es" id_tax="2" />
            <taxRule iso_code_country="fr" id_tax="2" />
            <taxRule iso_code_country="ie" id_tax="2" />
            <taxRule iso_code_country="it" id_tax="2" />
            <taxRule iso_code_country="cy" id_tax="2" />
            <taxRule iso_code_country="lv" id_tax="2" />
            <taxRule iso_code_country="lt" id_tax="2" />
            <taxRule iso_code_country="lu" id_tax="2" />
            <taxRule iso_code_country="hu" id_tax="2" />
            <taxRule iso_code_country="mt" id_tax="2" />
            <taxRule iso_code_country="nl" id_tax="2" />
            <taxRule iso_code_country="at" id_tax="2" />
            <taxRule iso_code_country="pl" id_tax="2" />
            <taxRule iso_code_country="pt" id_tax="2" />
            <taxRule iso_code_country="ro" id_tax="2" />
            <taxRule iso_code_country="si" id_tax="2" />
            <taxRule iso_code_country="sk" id_tax="2" />
            <taxRule iso_code_country="fi" id_tax="2" />
            <taxRule iso_code_country="se" id_tax="2" />
            <taxRule iso_code_country="uk" id_tax="2" />
        </taxRulesGroup>
        
        <taxRulesGroup name="ES Super Reduced Rate (4%)">
            <taxRule iso_code_country="be" id_tax="3" />
            <taxRule iso_code_country="bg" id_tax="3" />
            <taxRule iso_code_country="cz" id_tax="3" />
            <taxRule iso_code_country="dk" id_tax="3" />
            <taxRule iso_code_country="de" id_tax="3" />
            <taxRule iso_code_country="ee" id_tax="3" />
            <taxRule iso_code_country="gr" id_tax="3" />
            <taxRule iso_code_country="es" id_tax="3" />
            <taxRule iso_code_country="fr" id_tax="3" />
            <taxRule iso_code_country="ie" id_tax="3" />
            <taxRule iso_code_country="it" id_tax="3" />
            <taxRule iso_code_country="cy" id_tax="3" />
            <taxRule iso_code_country="lv" id_tax="3" />
            <taxRule iso_code_country="lt" id_tax="3" />
            <taxRule iso_code_country="lu" id_tax="3" />
            <taxRule iso_code_country="hu" id_tax="3" />
            <taxRule iso_code_country="mt" id_tax="3" />
            <taxRule iso_code_country="nl" id_tax="3" />
            <taxRule iso_code_country="at" id_tax="3" />
            <taxRule iso_code_country="pl" id_tax="3" />
            <taxRule iso_code_country="pt" id_tax="3" />
            <taxRule iso_code_country="ro" id_tax="3" />
            <taxRule iso_code_country="si" id_tax="3" />
            <taxRule iso_code_country="sk" id_tax="3" />
            <taxRule iso_code_country="fi" id_tax="3" />
            <taxRule iso_code_country="se" id_tax="3" />
            <taxRule iso_code_country="uk" id_tax="3" />
        </taxRulesGroup>
        
        <taxRulesGroup name="ES Foodstuff Rate (4%)">
            <taxRule iso_code_country="be" id_tax="3" />
            <taxRule iso_code_country="bg" id_tax="3" />
            <taxRule iso_code_country="cz" id_tax="3" />
            <taxRule iso_code_country="dk" id_tax="3" />
            <taxRule iso_code_country="de" id_tax="3" />
            <taxRule iso_code_country="ee" id_tax="3" />
            <taxRule iso_code_country="gr" id_tax="3" />
            <taxRule iso_code_country="es" id_tax="3" />
            <taxRule iso_code_country="fr" id_tax="3" />
            <taxRule iso_code_country="ie" id_tax="3" />
            <taxRule iso_code_country="it" id_tax="3" />
            <taxRule iso_code_country="cy" id_tax="3" />
            <taxRule iso_code_country="lv" id_tax="3" />
            <taxRule iso_code_country="lt" id_tax="3" />
            <taxRule iso_code_country="lu" id_tax="3" />
            <taxRule iso_code_country="hu" id_tax="3" />
            <taxRule iso_code_country="mt" id_tax="3" />
            <taxRule iso_code_country="nl" id_tax="3" />
            <taxRule iso_code_country="at" id_tax="3" />
            <taxRule iso_code_country="pl" id_tax="3" />
            <taxRule iso_code_country="pt" id_tax="3" />
            <taxRule iso_code_country="ro" id_tax="3" />
            <taxRule iso_code_country="si" id_tax="3" />
            <taxRule iso_code_country="sk" id_tax="3" />
            <taxRule iso_code_country="fi" id_tax="3" />
            <taxRule iso_code_country="se" id_tax="3" />
            <taxRule iso_code_country="uk" id_tax="3" />
        </taxRulesGroup>
        
        <taxRulesGroup name="ES Books Rate (4%)">
            <taxRule iso_code_country="be" id_tax="3" />
            <taxRule iso_code_country="bg" id_tax="3" />
            <taxRule iso_code_country="cz" id_tax="3" />
            <taxRule iso_code_country="dk" id_tax="3" />
            <taxRule iso_code_country="de" id_tax="3" />
            <taxRule iso_code_country="ee" id_tax="3" />
            <taxRule iso_code_country="gr" id_tax="3" />
            <taxRule iso_code_country="es" id_tax="3" />
            <taxRule iso_code_country="fr" id_tax="3" />
            <taxRule iso_code_country="ie" id_tax="3" />
            <taxRule iso_code_country="it" id_tax="3" />
            <taxRule iso_code_country="cy" id_tax="3" />
            <taxRule iso_code_country="lv" id_tax="3" />
            <taxRule iso_code_country="lt" id_tax="3" />
            <taxRule iso_code_country="lu" id_tax="3" />
            <taxRule iso_code_country="hu" id_tax="3" />
            <taxRule iso_code_country="mt" id_tax="3" />
            <taxRule iso_code_country="nl" id_tax="3" />
            <taxRule iso_code_country="at" id_tax="3" />
            <taxRule iso_code_country="pl" id_tax="3" />
            <taxRule iso_code_country="pt" id_tax="3" />
            <taxRule iso_code_country="ro" id_tax="3" />
            <taxRule iso_code_country="si" id_tax="3" />
            <taxRule iso_code_country="sk" id_tax="3" />
            <taxRule iso_code_country="fi" id_tax="3" />
            <taxRule iso_code_country="se" id_tax="3" />
            <taxRule iso_code_country="uk" id_tax="3" />
        </taxRulesGroup>
	</taxes>
	<units>
		<unit type="weight" value="kg" />
		<unit type="volume" value="L" />
		<unit type="short_distance" value="cm" />
		<unit type="base_distance" value="m" />
		<unit type="long_distance" value="km" />
	</units>
</localizationPack>
