<?xml version="1.0" encoding="UTF-8" ?>
<localizationPack name="Fiji" version="1.0">
	<currencies>
		<currency name="Dollar" iso_code="FJD" iso_code_num="242" sign="$" blank="0" conversion_rate="2.57483" format="1" decimals="1" />
	</currencies>
	<taxes>
		<tax id="1" name="VAT FJ 12.5%" rate="12.5" />
		
		<taxRulesGroup name="FJ Standard Rate (12.5%)">
			<taxRule iso_code_country="fj" id_tax="1" />
		</taxRulesGroup>
	</taxes>
	<units>
		<unit type="weight" value="kg" />
		<unit type="volume" value="L" />
		<unit type="short_distance" value="in" />
		<unit type="base_distance" value="ft" />
		<unit type="long_distance" value="mi" />
	</units>
</localizationPack>
