<?xml version="1.0" encoding="UTF-8" ?>
<localizationPack name="Poland" version="1.0">
	<currencies>
		<currency name="Zloty" iso_code="PLN" iso_code_num="985" sign="zł" blank="1" conversion_rate="3.84510" format="2" decimals="1" />
	</currencies>
	<languages>
		<language iso_code="pl" />
	</languages>
	<taxes>
		<tax id="1" name="PTU PL 23%" rate="23" />

		<tax id="2" name="PTU PL 8%" rate="8" />
		<tax id="3" name="PTU PL 7%" rate="7" />
		<tax id="4" name="PTU PL 5%" rate="5" />
		<tax id="5" name="PTU PL 4%" rate="4" />
		<tax id="6" name="PTU PL 0" rate="0" />
		
		<taxRulesGroup name="PL Standard Rate (23%)">
			<taxRule iso_code_country="be" id_tax="1" />
			<taxRule iso_code_country="bg" id_tax="1" />
			<taxRule iso_code_country="cz" id_tax="1" />

			<taxRule iso_code_country="dk" id_tax="1" />
			<taxRule iso_code_country="de" id_tax="1" />
			<taxRule iso_code_country="ee" id_tax="1" />
			<taxRule iso_code_country="gr" id_tax="1" />
			<taxRule iso_code_country="es" id_tax="1" />
			<taxRule iso_code_country="fr" id_tax="1" />
			<taxRule iso_code_country="ie" id_tax="1" />
			<taxRule iso_code_country="it" id_tax="1" />
			<taxRule iso_code_country="cy" id_tax="1" />

			<taxRule iso_code_country="lv" id_tax="1" />
			<taxRule iso_code_country="lt" id_tax="1" />
			<taxRule iso_code_country="lu" id_tax="1" />
			<taxRule iso_code_country="hu" id_tax="1" />
			<taxRule iso_code_country="mt" id_tax="1" />
			<taxRule iso_code_country="nl" id_tax="1" />
			<taxRule iso_code_country="at" id_tax="1" />
			<taxRule iso_code_country="pl" id_tax="1" />
			<taxRule iso_code_country="pt" id_tax="1" />

			<taxRule iso_code_country="ro" id_tax="1" />
			<taxRule iso_code_country="si" id_tax="1" />
			<taxRule iso_code_country="sk" id_tax="1" />
			<taxRule iso_code_country="fi" id_tax="1" />
			<taxRule iso_code_country="se" id_tax="1" />
			<taxRule iso_code_country="uk" id_tax="1" />
		</taxRulesGroup>

		<taxRulesGroup name="PL Reduced Rate (8%)">

			<taxRule iso_code_country="be" id_tax="2" />
			<taxRule iso_code_country="bg" id_tax="2" />
			<taxRule iso_code_country="cz" id_tax="2" />
			<taxRule iso_code_country="dk" id_tax="2" />
			<taxRule iso_code_country="de" id_tax="2" />
			<taxRule iso_code_country="ee" id_tax="2" />
			<taxRule iso_code_country="gr" id_tax="2" />
			<taxRule iso_code_country="es" id_tax="2" />
			<taxRule iso_code_country="fr" id_tax="2" />

			<taxRule iso_code_country="ie" id_tax="2" />
			<taxRule iso_code_country="it" id_tax="2" />
			<taxRule iso_code_country="cy" id_tax="2" />
			<taxRule iso_code_country="lv" id_tax="2" />
			<taxRule iso_code_country="lt" id_tax="2" />
			<taxRule iso_code_country="lu" id_tax="2" />
			<taxRule iso_code_country="hu" id_tax="2" />
			<taxRule iso_code_country="mt" id_tax="2" />
			<taxRule iso_code_country="nl" id_tax="2" />

			<taxRule iso_code_country="at" id_tax="2" />
			<taxRule iso_code_country="pl" id_tax="2" />
			<taxRule iso_code_country="pt" id_tax="2" />
			<taxRule iso_code_country="ro" id_tax="2" />
			<taxRule iso_code_country="si" id_tax="2" />
			<taxRule iso_code_country="sk" id_tax="2" />
			<taxRule iso_code_country="fi" id_tax="2" />
			<taxRule iso_code_country="se" id_tax="2" />
			<taxRule iso_code_country="uk" id_tax="2" />

		</taxRulesGroup>

		<taxRulesGroup name="PL Reduced Rate (7%)">
			<taxRule iso_code_country="be" id_tax="3" />
			<taxRule iso_code_country="bg" id_tax="3" />
			<taxRule iso_code_country="cz" id_tax="3" />
			<taxRule iso_code_country="dk" id_tax="3" />
			<taxRule iso_code_country="de" id_tax="3" />
			<taxRule iso_code_country="ee" id_tax="3" />

			<taxRule iso_code_country="gr" id_tax="3" />
			<taxRule iso_code_country="es" id_tax="3" />
			<taxRule iso_code_country="fr" id_tax="3" />
			<taxRule iso_code_country="ie" id_tax="3" />
			<taxRule iso_code_country="it" id_tax="3" />
			<taxRule iso_code_country="cy" id_tax="3" />
			<taxRule iso_code_country="lv" id_tax="3" />
			<taxRule iso_code_country="lt" id_tax="3" />
			<taxRule iso_code_country="lu" id_tax="3" />

			<taxRule iso_code_country="hu" id_tax="3" />
			<taxRule iso_code_country="mt" id_tax="3" />
			<taxRule iso_code_country="nl" id_tax="3" />
			<taxRule iso_code_country="at" id_tax="3" />
			<taxRule iso_code_country="pl" id_tax="3" />
			<taxRule iso_code_country="pt" id_tax="3" />
			<taxRule iso_code_country="ro" id_tax="3" />
			<taxRule iso_code_country="si" id_tax="3" />
			<taxRule iso_code_country="sk" id_tax="3" />

			<taxRule iso_code_country="fi" id_tax="3" />
			<taxRule iso_code_country="se" id_tax="3" />
			<taxRule iso_code_country="uk" id_tax="3" />
		</taxRulesGroup>

		<taxRulesGroup name="PL Reduced Rate (5%)">
			<taxRule iso_code_country="be" id_tax="4" />
			<taxRule iso_code_country="bg" id_tax="4" />
			<taxRule iso_code_country="cz" id_tax="4" />

			<taxRule iso_code_country="dk" id_tax="4" />
			<taxRule iso_code_country="de" id_tax="4" />
			<taxRule iso_code_country="ee" id_tax="4" />
			<taxRule iso_code_country="gr" id_tax="4" />
			<taxRule iso_code_country="es" id_tax="4" />
			<taxRule iso_code_country="fr" id_tax="4" />
			<taxRule iso_code_country="it" id_tax="4" />
			<taxRule iso_code_country="cy" id_tax="4" />
			<taxRule iso_code_country="lv" id_tax="4" />

			<taxRule iso_code_country="lt" id_tax="4" />
			<taxRule iso_code_country="lu" id_tax="4" />
			<taxRule iso_code_country="hu" id_tax="4" />
			<taxRule iso_code_country="mt" id_tax="4" />
			<taxRule iso_code_country="nl" id_tax="4" />
			<taxRule iso_code_country="at" id_tax="4" />
			<taxRule iso_code_country="pl" id_tax="4" />
			<taxRule iso_code_country="pt" id_tax="4" />
			<taxRule iso_code_country="ro" id_tax="4" />

			<taxRule iso_code_country="si" id_tax="4" />
			<taxRule iso_code_country="sk" id_tax="4" />
			<taxRule iso_code_country="fi" id_tax="4" />
			<taxRule iso_code_country="se" id_tax="4" />
			<taxRule iso_code_country="uk" id_tax="4" />
		</taxRulesGroup>
		
		<taxRulesGroup name="PL Reduced Rate (4%)">
			<taxRule iso_code_country="be" id_tax="5" />
			<taxRule iso_code_country="bg" id_tax="5" />

			<taxRule iso_code_country="cz" id_tax="5" />
			<taxRule iso_code_country="dk" id_tax="5" />
			<taxRule iso_code_country="de" id_tax="5" />
			<taxRule iso_code_country="ee" id_tax="5" />
			<taxRule iso_code_country="gr" id_tax="5" />
			<taxRule iso_code_country="es" id_tax="5" />
			<taxRule iso_code_country="fr" id_tax="5" />
			<taxRule iso_code_country="it" id_tax="5" />
			<taxRule iso_code_country="cy" id_tax="5" />

			<taxRule iso_code_country="lv" id_tax="5" />
			<taxRule iso_code_country="lt" id_tax="5" />
			<taxRule iso_code_country="lu" id_tax="5" />
			<taxRule iso_code_country="hu" id_tax="5" />
			<taxRule iso_code_country="mt" id_tax="5" />
			<taxRule iso_code_country="nl" id_tax="5" />
			<taxRule iso_code_country="at" id_tax="5" />
			<taxRule iso_code_country="pl" id_tax="5" />
			<taxRule iso_code_country="pt" id_tax="5" />

			<taxRule iso_code_country="ro" id_tax="5" />
			<taxRule iso_code_country="si" id_tax="5" />
			<taxRule iso_code_country="sk" id_tax="5" />
			<taxRule iso_code_country="fi" id_tax="5" />
			<taxRule iso_code_country="se" id_tax="5" />
			<taxRule iso_code_country="uk" id_tax="5" />
		</taxRulesGroup>
		
		<taxRulesGroup name="PL Exempted Rate (0%)">
			<taxRule iso_code_country="be" id_tax="6" />

			<taxRule iso_code_country="bg" id_tax="6" />
			<taxRule iso_code_country="cz" id_tax="6" />
			<taxRule iso_code_country="dk" id_tax="6" />
			<taxRule iso_code_country="de" id_tax="6" />
			<taxRule iso_code_country="ee" id_tax="6" />
			<taxRule iso_code_country="gr" id_tax="6" />
			<taxRule iso_code_country="es" id_tax="6" />
			<taxRule iso_code_country="fr" id_tax="6" />
			<taxRule iso_code_country="it" id_tax="6" />

			<taxRule iso_code_country="cy" id_tax="6" />
			<taxRule iso_code_country="lv" id_tax="6" />
			<taxRule iso_code_country="lt" id_tax="6" />
			<taxRule iso_code_country="lu" id_tax="6" />
			<taxRule iso_code_country="hu" id_tax="6" />
			<taxRule iso_code_country="mt" id_tax="6" />
			<taxRule iso_code_country="nl" id_tax="6" />
			<taxRule iso_code_country="at" id_tax="6" />
			<taxRule iso_code_country="pl" id_tax="6" />

			<taxRule iso_code_country="pt" id_tax="6" />
			<taxRule iso_code_country="ro" id_tax="6" />
			<taxRule iso_code_country="si" id_tax="6" />
			<taxRule iso_code_country="sk" id_tax="6" />
			<taxRule iso_code_country="fi" id_tax="6" />
			<taxRule iso_code_country="se" id_tax="6" />
			<taxRule iso_code_country="uk" id_tax="6" />
		</taxRulesGroup>
		
	</taxes>

	<units>
		<unit type="weight" value="kg" />
		<unit type="volume" value="L" />
		<unit type="short_distance" value="cm" />
		<unit type="base_distance" value="m" />
		<unit type="long_distance" value="km" />
	</units>
</localizationPack>